"Status","Source","Destination","Reason"
"MOVED","G:\file_backup_PLR_Saas\backup_20260511_172534\plr_files__INBOX_DROP_HERE\2020-PLR-License","G:\Documents\warriorplus MMO\Agent PLR Saas\input_files\01_BUILD_PRODUCT\02_Product_Creation\digital_asset_creation\_backup_import_review\2020-PLR-License","01_BUILD_PRODUCT\02_Product_Creation\digital_asset_creation\_backup_import_review"
"MOVED","G:\file_backup_PLR_Saas\backup_20260511_172534\plr_files__INBOX_DROP_HERE\30+Day+Content+Marketing+Plan-PLR","G:\Documents\warriorplus MMO\Agent PLR Saas\input_files\01_BUILD_PRODUCT\02_Product_Creation\ebook_creation\30+Day+Content+Marketing+Plan-PLR","01_BUILD_PRODUCT\02_Product_Creation\ebook_creation"
"MOVED","G:\file_backup_PLR_Saas\backup_20260511_172534\plr_files__INBOX_DROP_HERE\31-AMPT","G:\Documents\warriorplus MMO\Agent PLR Saas\input_files\01_BUILD_PRODUCT\02_Product_Creation\digital_asset_creation\_backup_import_review\31-AMPT","01_BUILD_PRODUCT\02_Product_Creation\digital_asset_creation\_backup_import_review"
"MOVED","G:\file_backup_PLR_Saas\backup_20260511_172534\plr_files__INBOX_DROP_HERE\51 Win Web Traffi Ide","G:\Documents\warriorplus MMO\Agent PLR Saas\input_files\01_BUILD_PRODUCT\02_Product_Creation\digital_asset_creation\_backup_import_review\51 Win Web Traffi Ide","01_BUILD_PRODUCT\02_Product_Creation\digital_asset_creation\_backup_import_review"
"MOVED","G:\file_backup_PLR_Saas\backup_20260511_172534\plr_files__INBOX_DROP_HERE\60PhotoshopActionScripts","G:\Documents\warriorplus MMO\Agent PLR Saas\input_files\01_BUILD_PRODUCT\02_Product_Creation\digital_asset_creation\_backup_import_review\60PhotoshopActionScripts","01_BUILD_PRODUCT\02_Product_Creation\digital_asset_creation\_backup_import_review"
"MOVED","G:\file_backup_PLR_Saas\backup_20260511_172534\plr_files__INBOX_DROP_HERE\7WAYS-PROFIT-BITCOIN","G:\Documents\warriorplus MMO\Agent PLR Saas\input_files\01_BUILD_PRODUCT\02_Product_Creation\digital_asset_creation\_backup_import_review\7WAYS-PROFIT-BITCOIN","01_BUILD_PRODUCT\02_Product_Creation\digital_asset_creation\_backup_import_review"
"MOVED","G:\file_backup_PLR_Saas\backup_20260511_172534\plr_files__INBOX_DROP_HERE\Absolute Keto PLR","G:\Documents\warriorplus MMO\Agent PLR Saas\input_files\01_BUILD_PRODUCT\02_Product_Creation\digital_asset_creation\Absolute Keto PLR","01_BUILD_PRODUCT\02_Product_Creation\digital_asset_creation"
"MOVED","G:\file_backup_PLR_Saas\backup_20260511_172534\plr_files__INBOX_DROP_HERE\Abundance_Print_Big_Reset_SLENDERMAN_BBHF","G:\Documents\warriorplus MMO\Agent PLR Saas\input_files\01_BUILD_PRODUCT\02_Product_Creation\digital_asset_creation\_backup_import_review\Abundance_Print_Big_Reset_SLENDERMAN_BBHF","01_BUILD_PRODUCT\02_Product_Creation\digital_asset_creation\_backup_import_review"
"MOVED","G:\file_backup_PLR_Saas\backup_20260511_172534\plr_files__INBOX_DROP_HERE\ACBI","G:\Documents\warriorplus MMO\Agent PLR Saas\input_files\01_BUILD_PRODUCT\02_Product_Creation\digital_asset_creation\_backup_import_review\ACBI","01_BUILD_PRODUCT\02_Product_Creation\digital_asset_creation\_backup_import_review"
"MOVED","G:\file_backup_PLR_Saas\backup_20260511_172534\plr_files__INBOX_DROP_HERE\acr","G:\Documents\warriorplus MMO\Agent PLR Saas\input_files\01_BUILD_PRODUCT\02_Product_Creation\digital_asset_creation\_backup_import_review\acr","01_BUILD_PRODUCT\02_Product_Creation\digital_asset_creation\_backup_import_review"
"MOVED","G:\file_backup_PLR_Saas\backup_20260511_172534\plr_files__INBOX_DROP_HERE\Affiliate-TerminologyPLRpack","G:\Documents\warriorplus MMO\Agent PLR Saas\input_files\01_BUILD_PRODUCT\02_Product_Creation\digital_asset_creation\_backup_import_review\Affiliate-TerminologyPLRpack","01_BUILD_PRODUCT\02_Product_Creation\digital_asset_creation\_backup_import_review"
"MOVED","G:\file_backup_PLR_Saas\backup_20260511_172534\plr_files__INBOX_DROP_HERE\ALL FE MODULES","G:\Documents\warriorplus MMO\Agent PLR Saas\input_files\03_SALE_PAGE\08_Funnel_Pages\front_end_page\ALL FE MODULES","03_SALE_PAGE\08_Funnel_Pages\front_end_page"
"MOVED","G:\file_backup_PLR_Saas\backup_20260511_172534\plr_files__INBOX_DROP_HERE\All-Rights-Explained_MRRG","G:\Documents\warriorplus MMO\Agent PLR Saas\input_files\01_BUILD_PRODUCT\02_Product_Creation\digital_asset_creation\_backup_import_review\All-Rights-Explained_MRRG","01_BUILD_PRODUCT\02_Product_Creation\digital_asset_creation\_backup_import_review"
"MOVED","G:\file_backup_PLR_Saas\backup_20260511_172534\plr_files__INBOX_DROP_HERE\Audience-Amplifier","G:\Documents\warriorplus MMO\Agent PLR Saas\input_files\01_BUILD_PRODUCT\02_Product_Creation\digital_asset_creation\_backup_import_review\Audience-Amplifier","01_BUILD_PRODUCT\02_Product_Creation\digital_asset_creation\_backup_import_review"
"MOVED","G:\file_backup_PLR_Saas\backup_20260511_172534\plr_files__INBOX_DROP_HERE\Beach+Vacation+Print+Planner+Bundle","G:\Documents\warriorplus MMO\Agent PLR Saas\input_files\01_BUILD_PRODUCT\04_Bonus_Creation\bonus_stack\Beach+Vacation+Print+Planner+Bundle","01_BUILD_PRODUCT\04_Bonus_Creation\bonus_stack"
"MOVED","G:\file_backup_PLR_Saas\backup_20260511_172534\plr_files__INBOX_DROP_HERE\BreastCancerPrevention_PU","G:\Documents\warriorplus MMO\Agent PLR Saas\input_files\01_BUILD_PRODUCT\02_Product_Creation\digital_asset_creation\_backup_import_review\BreastCancerPrevention_PU","01_BUILD_PRODUCT\02_Product_Creation\digital_asset_creation\_backup_import_review"
"MOVED","G:\file_backup_PLR_Saas\backup_20260511_172534\plr_files__INBOX_DROP_HERE\Bypassing+AI+Detection-plr-363523","G:\Documents\warriorplus MMO\Agent PLR Saas\input_files\01_BUILD_PRODUCT\02_Product_Creation\digital_asset_creation\Bypassing+AI+Detection-plr-363523","01_BUILD_PRODUCT\02_Product_Creation\digital_asset_creation"
"MOVED","G:\file_backup_PLR_Saas\backup_20260511_172534\plr_files__INBOX_DROP_HERE\CanvaPlannerLinks","G:\Documents\warriorplus MMO\Agent PLR Saas\input_files\01_BUILD_PRODUCT\02_Product_Creation\digital_asset_creation\_backup_import_review\CanvaPlannerLinks","01_BUILD_PRODUCT\02_Product_Creation\digital_asset_creation\_backup_import_review"
"MOVED","G:\file_backup_PLR_Saas\backup_20260511_172534\plr_files__INBOX_DROP_HERE\CF-MBS-091818","G:\Documents\warriorplus MMO\Agent PLR Saas\input_files\01_BUILD_PRODUCT\02_Product_Creation\digital_asset_creation\_backup_import_review\CF-MBS-091818","01_BUILD_PRODUCT\02_Product_Creation\digital_asset_creation\_backup_import_review"
"MOVED","G:\file_backup_PLR_Saas\backup_20260511_172534\plr_files__INBOX_DROP_HERE\CleanEatingArticles","G:\Documents\warriorplus MMO\Agent PLR Saas\input_files\01_BUILD_PRODUCT\02_Product_Creation\digital_asset_creation\_backup_import_review\CleanEatingArticles","01_BUILD_PRODUCT\02_Product_Creation\digital_asset_creation\_backup_import_review"
"MOVED","G:\file_backup_PLR_Saas\backup_20260511_172534\plr_files__INBOX_DROP_HERE\Co-Registration-PLR","G:\Documents\warriorplus MMO\Agent PLR Saas\input_files\01_BUILD_PRODUCT\02_Product_Creation\digital_asset_creation\_backup_import_review\Co-Registration-PLR","01_BUILD_PRODUCT\02_Product_Creation\digital_asset_creation\_backup_import_review"
"MOVED","G:\file_backup_PLR_Saas\backup_20260511_172534\plr_files__INBOX_DROP_HERE\ConfidenceCheck","G:\Documents\warriorplus MMO\Agent PLR Saas\input_files\01_BUILD_PRODUCT\02_Product_Creation\digital_asset_creation\_backup_import_review\ConfidenceCheck","01_BUILD_PRODUCT\02_Product_Creation\digital_asset_creation\_backup_import_review"
"MOVED","G:\file_backup_PLR_Saas\backup_20260511_172534\plr_files__INBOX_DROP_HERE\CopingWithStress","G:\Documents\warriorplus MMO\Agent PLR Saas\input_files\01_BUILD_PRODUCT\02_Product_Creation\digital_asset_creation\_backup_import_review\CopingWithStress","01_BUILD_PRODUCT\02_Product_Creation\digital_asset_creation\_backup_import_review"
"MOVED","G:\file_backup_PLR_Saas\backup_20260511_172534\plr_files__INBOX_DROP_HERE\Course engage","G:\Documents\warriorplus MMO\Agent PLR Saas\input_files\01_BUILD_PRODUCT\02_Product_Creation\mini_course_creation\Course engage","01_BUILD_PRODUCT\02_Product_Creation\mini_course_creation"
"MOVED","G:\file_backup_PLR_Saas\backup_20260511_172534\plr_files__INBOX_DROP_HERE\Customer FrontEnd Sales Video","G:\Documents\warriorplus MMO\Agent PLR Saas\input_files\03_SALE_PAGE\08_Funnel_Pages\front_end_page\Customer FrontEnd Sales Video","03_SALE_PAGE\08_Funnel_Pages\front_end_page"
"MOVED","G:\file_backup_PLR_Saas\backup_20260511_172534\plr_files__INBOX_DROP_HERE\Customer Upsell Sales Copy","G:\Documents\warriorplus MMO\Agent PLR Saas\input_files\03_SALE_PAGE\03_Sales_Copywriting\sales_page_copywriting\Customer Upsell Sales Copy","03_SALE_PAGE\03_Sales_Copywriting\sales_page_copywriting"
"MOVED","G:\file_backup_PLR_Saas\backup_20260511_172534\plr_files__INBOX_DROP_HERE\DetoxYourBodyForBetterHealth__MRR","G:\Documents\warriorplus MMO\Agent PLR Saas\input_files\01_BUILD_PRODUCT\02_Product_Creation\digital_asset_creation\_backup_import_review\DetoxYourBodyForBetterHealth__MRR","01_BUILD_PRODUCT\02_Product_Creation\digital_asset_creation\_backup_import_review"
"MOVED","G:\file_backup_PLR_Saas\backup_20260511_172534\plr_files__INBOX_DROP_HERE\Digital-EmpirePLRpack","G:\Documents\warriorplus MMO\Agent PLR Saas\input_files\01_BUILD_PRODUCT\02_Product_Creation\digital_asset_creation\_backup_import_review\Digital-EmpirePLRpack","01_BUILD_PRODUCT\02_Product_Creation\digital_asset_creation\_backup_import_review"
"MOVED","G:\file_backup_PLR_Saas\backup_20260511_172534\plr_files__INBOX_DROP_HERE\Digital-Rocket-FuelPLRpack","G:\Documents\warriorplus MMO\Agent PLR Saas\input_files\01_BUILD_PRODUCT\02_Product_Creation\digital_asset_creation\_backup_import_review\Digital-Rocket-FuelPLRpack","01_BUILD_PRODUCT\02_Product_Creation\digital_asset_creation\_backup_import_review"
"MOVED","G:\file_backup_PLR_Saas\backup_20260511_172534\plr_files__INBOX_DROP_HERE\Digital_Product_Masterclass_FE_FRONTEND","G:\Documents\warriorplus MMO\Agent PLR Saas\input_files\01_BUILD_PRODUCT\02_Product_Creation\digital_asset_creation\_backup_import_review\Digital_Product_Masterclass_FE_FRONTEND","01_BUILD_PRODUCT\02_Product_Creation\digital_asset_creation\_backup_import_review"
"MOVED","G:\file_backup_PLR_Saas\backup_20260511_172534\plr_files__INBOX_DROP_HERE\Driving_Force_Within","G:\Documents\warriorplus MMO\Agent PLR Saas\input_files\01_BUILD_PRODUCT\02_Product_Creation\digital_asset_creation\_backup_import_review\Driving_Force_Within","01_BUILD_PRODUCT\02_Product_Creation\digital_asset_creation\_backup_import_review"
"MOVED","G:\file_backup_PLR_Saas\backup_20260511_172534\plr_files__INBOX_DROP_HERE\Dynamite-ReportsPLRpack","G:\Documents\warriorplus MMO\Agent PLR Saas\input_files\01_BUILD_PRODUCT\02_Product_Creation\digital_asset_creation\_backup_import_review\Dynamite-ReportsPLRpack","01_BUILD_PRODUCT\02_Product_Creation\digital_asset_creation\_backup_import_review"
"MOVED","G:\file_backup_PLR_Saas\backup_20260511_172534\plr_files__INBOX_DROP_HERE\Ebook Part-1","G:\Documents\warriorplus MMO\Agent PLR Saas\input_files\01_BUILD_PRODUCT\02_Product_Creation\ebook_creation\Ebook Part-1","01_BUILD_PRODUCT\02_Product_Creation\ebook_creation"
"MOVED","G:\file_backup_PLR_Saas\backup_20260511_172534\plr_files__INBOX_DROP_HERE\Ecommerce-OverdrivePLRpack","G:\Documents\warriorplus MMO\Agent PLR Saas\input_files\01_BUILD_PRODUCT\02_Product_Creation\digital_asset_creation\_backup_import_review\Ecommerce-OverdrivePLRpack","01_BUILD_PRODUCT\02_Product_Creation\digital_asset_creation\_backup_import_review"
"MOVED","G:\file_backup_PLR_Saas\backup_20260511_172534\plr_files__INBOX_DROP_HERE\Email-MonetizerPLRpack","G:\Documents\warriorplus MMO\Agent PLR Saas\input_files\01_BUILD_PRODUCT\02_Product_Creation\digital_asset_creation\_backup_import_review\Email-MonetizerPLRpack","01_BUILD_PRODUCT\02_Product_Creation\digital_asset_creation\_backup_import_review"
"MOVED","G:\file_backup_PLR_Saas\backup_20260511_172534\plr_files__INBOX_DROP_HERE\Engage-Convert-ScalePLRpack","G:\Documents\warriorplus MMO\Agent PLR Saas\input_files\01_BUILD_PRODUCT\02_Product_Creation\digital_asset_creation\_backup_import_review\Engage-Convert-ScalePLRpack","01_BUILD_PRODUCT\02_Product_Creation\digital_asset_creation\_backup_import_review"
"MOVED","G:\file_backup_PLR_Saas\backup_20260511_172534\plr_files__INBOX_DROP_HERE\Entrepedia_2023_Bundle_SLENDERMAN_BBHF","G:\Documents\warriorplus MMO\Agent PLR Saas\input_files\01_BUILD_PRODUCT\02_Product_Creation\digital_asset_creation\_backup_import_review\Entrepedia_2023_Bundle_SLENDERMAN_BBHF","01_BUILD_PRODUCT\02_Product_Creation\digital_asset_creation\_backup_import_review"
"MOVED","G:\file_backup_PLR_Saas\backup_20260511_172534\plr_files__INBOX_DROP_HERE\ExclusiveSoftwareLab_Members_Bonuses_BBHF","G:\Documents\warriorplus MMO\Agent PLR Saas\input_files\01_BUILD_PRODUCT\02_Product_Creation\digital_asset_creation\_backup_import_review\ExclusiveSoftwareLab_Members_Bonuses_BBHF","01_BUILD_PRODUCT\02_Product_Creation\digital_asset_creation\_backup_import_review"
"MOVED","G:\file_backup_PLR_Saas\backup_20260511_172534\plr_files__INBOX_DROP_HERE\Facebook+Groups+Unleashed+-+PLR","G:\Documents\warriorplus MMO\Agent PLR Saas\input_files\01_BUILD_PRODUCT\02_Product_Creation\ebook_creation\Facebook+Groups+Unleashed+-+PLR","01_BUILD_PRODUCT\02_Product_Creation\ebook_creation"
"MOVED","G:\file_backup_PLR_Saas\backup_20260511_172534\plr_files__INBOX_DROP_HERE\FE+Upsell","G:\Documents\warriorplus MMO\Agent PLR Saas\input_files\03_SALE_PAGE\08_Funnel_Pages\front_end_page\FE+Upsell","03_SALE_PAGE\08_Funnel_Pages\front_end_page"
"MOVED","G:\file_backup_PLR_Saas\backup_20260511_172534\plr_files__INBOX_DROP_HERE\Flagship-CoursePLRpack","G:\Documents\warriorplus MMO\Agent PLR Saas\input_files\01_BUILD_PRODUCT\02_Product_Creation\digital_asset_creation\_backup_import_review\Flagship-CoursePLRpack","01_BUILD_PRODUCT\02_Product_Creation\digital_asset_creation\_backup_import_review"
"MOVED","G:\file_backup_PLR_Saas\backup_20260511_172534\plr_files__INBOX_DROP_HERE\FunnelProfits_PLR","G:\Documents\warriorplus MMO\Agent PLR Saas\input_files\01_BUILD_PRODUCT\02_Product_Creation\digital_asset_creation\_backup_import_review\FunnelProfits_PLR","01_BUILD_PRODUCT\02_Product_Creation\digital_asset_creation\_backup_import_review"
"MOVED","G:\file_backup_PLR_Saas\backup_20260511_172534\plr_files__INBOX_DROP_HERE\gettingthingsdone-FE+UPsell","G:\Documents\warriorplus MMO\Agent PLR Saas\input_files\03_SALE_PAGE\08_Funnel_Pages\front_end_page\gettingthingsdone-FE+UPsell","03_SALE_PAGE\08_Funnel_Pages\front_end_page"
"MOVED","G:\file_backup_PLR_Saas\backup_20260511_172534\plr_files__INBOX_DROP_HERE\Ghostwriting-Made-Easy","G:\Documents\warriorplus MMO\Agent PLR Saas\input_files\01_BUILD_PRODUCT\02_Product_Creation\digital_asset_creation\_backup_import_review\Ghostwriting-Made-Easy","01_BUILD_PRODUCT\02_Product_Creation\digital_asset_creation\_backup_import_review"
"MOVED","G:\file_backup_PLR_Saas\backup_20260511_172534\plr_files__INBOX_DROP_HERE\GOLD-FindYourNiche","G:\Documents\warriorplus MMO\Agent PLR Saas\input_files\01_BUILD_PRODUCT\02_Product_Creation\digital_asset_creation\_backup_import_review\GOLD-FindYourNiche","01_BUILD_PRODUCT\02_Product_Creation\digital_asset_creation\_backup_import_review"
"MOVED","G:\file_backup_PLR_Saas\backup_20260511_172534\plr_files__INBOX_DROP_HERE\Gut_Health_Mastery_FE_OTO1_SM_BBHF","G:\Documents\warriorplus MMO\Agent PLR Saas\input_files\01_BUILD_PRODUCT\02_Product_Creation\digital_asset_creation\_backup_import_review\Gut_Health_Mastery_FE_OTO1_SM_BBHF","01_BUILD_PRODUCT\02_Product_Creation\digital_asset_creation\_backup_import_review"
"MOVED","G:\file_backup_PLR_Saas\backup_20260511_172534\plr_files__INBOX_DROP_HERE\Happiness_Through_Self_Care_FE_And_Gold_Bundle","G:\Documents\warriorplus MMO\Agent PLR Saas\input_files\01_BUILD_PRODUCT\02_Product_Creation\digital_asset_creation\_backup_import_review\Happiness_Through_Self_Care_FE_And_Gold_Bundle","01_BUILD_PRODUCT\02_Product_Creation\digital_asset_creation\_backup_import_review"
"MOVED","G:\file_backup_PLR_Saas\backup_20260511_172534\plr_files__INBOX_DROP_HERE\healthandwellnessplr.com","G:\Documents\warriorplus MMO\Agent PLR Saas\input_files\01_BUILD_PRODUCT\02_Product_Creation\digital_asset_creation\healthandwellnessplr.com","01_BUILD_PRODUCT\02_Product_Creation\digital_asset_creation"
"MOVED","G:\file_backup_PLR_Saas\backup_20260511_172534\plr_files__INBOX_DROP_HERE\Health_and_Wellness_21_PLR_Products","G:\Documents\warriorplus MMO\Agent PLR Saas\input_files\01_BUILD_PRODUCT\02_Product_Creation\digital_asset_creation\_backup_import_review\Health_and_Wellness_21_PLR_Products","01_BUILD_PRODUCT\02_Product_Creation\digital_asset_creation\_backup_import_review"
"MOVED","G:\file_backup_PLR_Saas\backup_20260511_172534\plr_files__INBOX_DROP_HERE\HomeWorkoutFitnessSocialQuote-Images","G:\Documents\warriorplus MMO\Agent PLR Saas\input_files\01_BUILD_PRODUCT\02_Product_Creation\digital_asset_creation\_backup_import_review\HomeWorkoutFitnessSocialQuote-Images","01_BUILD_PRODUCT\02_Product_Creation\digital_asset_creation\_backup_import_review"
"MOVED","G:\file_backup_PLR_Saas\backup_20260511_172534\plr_files__INBOX_DROP_HERE\HowToCreateaKillerLinkedInProfile","G:\Documents\warriorplus MMO\Agent PLR Saas\input_files\01_BUILD_PRODUCT\02_Product_Creation\digital_asset_creation\_backup_import_review\HowToCreateaKillerLinkedInProfile","01_BUILD_PRODUCT\02_Product_Creation\digital_asset_creation\_backup_import_review"
"MOVED","G:\file_backup_PLR_Saas\backup_20260511_172534\plr_files__INBOX_DROP_HERE\How_To_Boost_Your_Immunity_Against_The_Coronavirus","G:\Documents\warriorplus MMO\Agent PLR Saas\input_files\01_BUILD_PRODUCT\02_Product_Creation\digital_asset_creation\_backup_import_review\How_To_Boost_Your_Immunity_Against_The_Coronavirus","01_BUILD_PRODUCT\02_Product_Creation\digital_asset_creation\_backup_import_review"
"MOVED","G:\file_backup_PLR_Saas\backup_20260511_172534\plr_files__INBOX_DROP_HERE\How_To_Craft_The_Life_You_Want_FE_and_Upsell_SlenderMan_BBHF","G:\Documents\warriorplus MMO\Agent PLR Saas\input_files\01_BUILD_PRODUCT\02_Product_Creation\digital_asset_creation\_backup_import_review\How_To_Craft_The_Life_You_Want_FE_and_Upsell_SlenderMan_BBHF","01_BUILD_PRODUCT\02_Product_Creation\digital_asset_creation\_backup_import_review"
"MOVED","G:\file_backup_PLR_Saas\backup_20260511_172534\plr_files__INBOX_DROP_HERE\InfluencerMarketing+Group-Domination","G:\Documents\warriorplus MMO\Agent PLR Saas\input_files\01_BUILD_PRODUCT\01_Product_Research\market_research\InfluencerMarketing+Group-Domination","01_BUILD_PRODUCT\01_Product_Research\market_research"
"MOVED","G:\file_backup_PLR_Saas\backup_20260511_172534\plr_files__INBOX_DROP_HERE\InfluentialLeader+-+PLR","G:\Documents\warriorplus MMO\Agent PLR Saas\input_files\01_BUILD_PRODUCT\02_Product_Creation\digital_asset_creation\InfluentialLeader+-+PLR","01_BUILD_PRODUCT\02_Product_Creation\digital_asset_creation"
"MOVED","G:\file_backup_PLR_Saas\backup_20260511_172534\plr_files__INBOX_DROP_HERE\ItsYourYear","G:\Documents\warriorplus MMO\Agent PLR Saas\input_files\01_BUILD_PRODUCT\02_Product_Creation\digital_asset_creation\_backup_import_review\ItsYourYear","01_BUILD_PRODUCT\02_Product_Creation\digital_asset_creation\_backup_import_review"
"MOVED","G:\file_backup_PLR_Saas\backup_20260511_172534\plr_files__INBOX_DROP_HERE\KidToons_FE_SM_BBHF","G:\Documents\warriorplus MMO\Agent PLR Saas\input_files\01_BUILD_PRODUCT\02_Product_Creation\digital_asset_creation\_backup_import_review\KidToons_FE_SM_BBHF","01_BUILD_PRODUCT\02_Product_Creation\digital_asset_creation\_backup_import_review"
"MOVED","G:\file_backup_PLR_Saas\backup_20260511_172534\plr_files__INBOX_DROP_HERE\Lead Magnet","G:\Documents\warriorplus MMO\Agent PLR Saas\input_files\01_BUILD_PRODUCT\02_Product_Creation\ebook_creation\Lead Magnet","01_BUILD_PRODUCT\02_Product_Creation\ebook_creation"
"MOVED","G:\file_backup_PLR_Saas\backup_20260511_172534\plr_files__INBOX_DROP_HERE\Life-Coach-Template-Lead-Magnet-18511605 (1)","G:\Documents\warriorplus MMO\Agent PLR Saas\input_files\01_BUILD_PRODUCT\02_Product_Creation\template_creation\Life-Coach-Template-Lead-Magnet-18511605 (1)","01_BUILD_PRODUCT\02_Product_Creation\template_creation"
"MOVED","G:\file_backup_PLR_Saas\backup_20260511_172534\plr_files__INBOX_DROP_HERE\Life-Coach-Template-Lead-Magnet-18511878 (1)","G:\Documents\warriorplus MMO\Agent PLR Saas\input_files\01_BUILD_PRODUCT\02_Product_Creation\template_creation\Life-Coach-Template-Lead-Magnet-18511878 (1)","01_BUILD_PRODUCT\02_Product_Creation\template_creation"
"MOVED","G:\file_backup_PLR_Saas\backup_20260511_172534\plr_files__INBOX_DROP_HERE\Master+Your+Mind+-+PLR","G:\Documents\warriorplus MMO\Agent PLR Saas\input_files\01_BUILD_PRODUCT\02_Product_Creation\digital_asset_creation\Master+Your+Mind+-+PLR","01_BUILD_PRODUCT\02_Product_Creation\digital_asset_creation"
"MOVED","G:\file_backup_PLR_Saas\backup_20260511_172534\plr_files__INBOX_DROP_HERE\MillionaireMindsetTheFinancialIQEmpowermentSeries_PLR","G:\Documents\warriorplus MMO\Agent PLR Saas\input_files\01_BUILD_PRODUCT\02_Product_Creation\digital_asset_creation\_backup_import_review\MillionaireMindsetTheFinancialIQEmpowermentSeries_PLR","01_BUILD_PRODUCT\02_Product_Creation\digital_asset_creation\_backup_import_review"
"MOVED","G:\file_backup_PLR_Saas\backup_20260511_172534\plr_files__INBOX_DROP_HERE\Modern Instagram Marketing-Upsell","G:\Documents\warriorplus MMO\Agent PLR Saas\input_files\03_SALE_PAGE\08_Funnel_Pages\front_end_page\Modern Instagram Marketing-Upsell","03_SALE_PAGE\08_Funnel_Pages\front_end_page"
"MOVED","G:\file_backup_PLR_Saas\backup_20260511_172534\plr_files__INBOX_DROP_HERE\MoneyandCouplesPLR-NSP","G:\Documents\warriorplus MMO\Agent PLR Saas\input_files\01_BUILD_PRODUCT\02_Product_Creation\digital_asset_creation\_backup_import_review\MoneyandCouplesPLR-NSP","01_BUILD_PRODUCT\02_Product_Creation\digital_asset_creation\_backup_import_review"
"MOVED","G:\file_backup_PLR_Saas\backup_20260511_172534\plr_files__INBOX_DROP_HERE\Motivation Videos Power Pack","G:\Documents\warriorplus MMO\Agent PLR Saas\input_files\01_BUILD_PRODUCT\02_Product_Creation\mini_course_creation\Motivation Videos Power Pack","01_BUILD_PRODUCT\02_Product_Creation\mini_course_creation"
"MOVED","G:\file_backup_PLR_Saas\backup_20260511_172534\plr_files__INBOX_DROP_HERE\Mystic_Journals_Planners_Bundle_SM_BBHF","G:\Documents\warriorplus MMO\Agent PLR Saas\input_files\01_BUILD_PRODUCT\02_Product_Creation\digital_asset_creation\_backup_import_review\Mystic_Journals_Planners_Bundle_SM_BBHF","01_BUILD_PRODUCT\02_Product_Creation\digital_asset_creation\_backup_import_review"
"MOVED","G:\file_backup_PLR_Saas\backup_20260511_172534\plr_files__INBOX_DROP_HERE\Mystic_Planners_MRR_Collection_Bundle_BBHF","G:\Documents\warriorplus MMO\Agent PLR Saas\input_files\01_BUILD_PRODUCT\02_Product_Creation\digital_asset_creation\_backup_import_review\Mystic_Planners_MRR_Collection_Bundle_BBHF","01_BUILD_PRODUCT\02_Product_Creation\digital_asset_creation\_backup_import_review"
"MOVED","G:\file_backup_PLR_Saas\backup_20260511_172534\plr_files__INBOX_DROP_HERE\New_Year_2025_Success_Mega_Pack_PLR_SLENDERMAN_BBHF","G:\Documents\warriorplus MMO\Agent PLR Saas\input_files\01_BUILD_PRODUCT\02_Product_Creation\digital_asset_creation\_backup_import_review\New_Year_2025_Success_Mega_Pack_PLR_SLENDERMAN_BBHF","01_BUILD_PRODUCT\02_Product_Creation\digital_asset_creation\_backup_import_review"
"MOVED","G:\file_backup_PLR_Saas\backup_20260511_172534\plr_files__INBOX_DROP_HERE\ODPLR_PrincessLineArtsMRR","G:\Documents\warriorplus MMO\Agent PLR Saas\input_files\01_BUILD_PRODUCT\02_Product_Creation\digital_asset_creation\_backup_import_review\ODPLR_PrincessLineArtsMRR","01_BUILD_PRODUCT\02_Product_Creation\digital_asset_creation\_backup_import_review"
"MOVED","G:\file_backup_PLR_Saas\backup_20260511_172534\plr_files__INBOX_DROP_HERE\PhotographyTipsAndTricks__PLR","G:\Documents\warriorplus MMO\Agent PLR Saas\input_files\01_BUILD_PRODUCT\02_Product_Creation\digital_asset_creation\_backup_import_review\PhotographyTipsAndTricks__PLR","01_BUILD_PRODUCT\02_Product_Creation\digital_asset_creation\_backup_import_review"
"MOVED","G:\file_backup_PLR_Saas\backup_20260511_172534\plr_files__INBOX_DROP_HERE\Play-to-Earn-GamingPLRpack (1)","G:\Documents\warriorplus MMO\Agent PLR Saas\input_files\01_BUILD_PRODUCT\02_Product_Creation\digital_asset_creation\Play-to-Earn-GamingPLRpack (1)","01_BUILD_PRODUCT\02_Product_Creation\digital_asset_creation"
"MOVED","G:\file_backup_PLR_Saas\backup_20260511_172534\plr_files__INBOX_DROP_HERE\PLR Poster Setup","G:\Documents\warriorplus MMO\Agent PLR Saas\input_files\01_BUILD_PRODUCT\02_Product_Creation\template_creation\PLR Poster Setup","01_BUILD_PRODUCT\02_Product_Creation\template_creation"
"MOVED","G:\file_backup_PLR_Saas\backup_20260511_172534\plr_files__INBOX_DROP_HERE\PLR-Influence-Private Label Rights","G:\Documents\warriorplus MMO\Agent PLR Saas\input_files\01_BUILD_PRODUCT\02_Product_Creation\digital_asset_creation\PLR-Influence-Private Label Rights","01_BUILD_PRODUCT\02_Product_Creation\digital_asset_creation"
"MOVED","G:\file_backup_PLR_Saas\backup_20260511_172534\plr_files__INBOX_DROP_HERE\plr-morningmastery","G:\Documents\warriorplus MMO\Agent PLR Saas\input_files\01_BUILD_PRODUCT\02_Product_Creation\digital_asset_creation\_backup_import_review\plr-morningmastery","01_BUILD_PRODUCT\02_Product_Creation\digital_asset_creation\_backup_import_review"
"MOVED","G:\file_backup_PLR_Saas\backup_20260511_172534\plr_files__INBOX_DROP_HERE\PLRArticleBuilderSoftware_MRR","G:\Documents\warriorplus MMO\Agent PLR Saas\input_files\01_BUILD_PRODUCT\02_Product_Creation\digital_asset_creation\_backup_import_review\PLRArticleBuilderSoftware_MRR","01_BUILD_PRODUCT\02_Product_Creation\digital_asset_creation\_backup_import_review"
"MOVED","G:\file_backup_PLR_Saas\backup_20260511_172534\plr_files__INBOX_DROP_HERE\PLRlobby Raw Food Formula_PLR","G:\Documents\warriorplus MMO\Agent PLR Saas\input_files\01_BUILD_PRODUCT\02_Product_Creation\digital_asset_creation\PLRlobby Raw Food Formula_PLR","01_BUILD_PRODUCT\02_Product_Creation\digital_asset_creation"
"MOVED","G:\file_backup_PLR_Saas\backup_20260511_172534\plr_files__INBOX_DROP_HERE\PLR_Affiliate_Maestro_FrontEnd_SLENDERMAN_BBHF","G:\Documents\warriorplus MMO\Agent PLR Saas\input_files\01_BUILD_PRODUCT\02_Product_Creation\digital_asset_creation\_backup_import_review\PLR_Affiliate_Maestro_FrontEnd_SLENDERMAN_BBHF","01_BUILD_PRODUCT\02_Product_Creation\digital_asset_creation\_backup_import_review"
"MOVED","G:\file_backup_PLR_Saas\backup_20260511_172534\plr_files__INBOX_DROP_HERE\PLR_SalesFunnels_The_Chakra_Code_FE_OTO1_SM_BBHF","G:\Documents\warriorplus MMO\Agent PLR Saas\input_files\01_BUILD_PRODUCT\02_Product_Creation\digital_asset_creation\_backup_import_review\PLR_SalesFunnels_The_Chakra_Code_FE_OTO1_SM_BBHF","01_BUILD_PRODUCT\02_Product_Creation\digital_asset_creation\_backup_import_review"
"MOVED","G:\file_backup_PLR_Saas\backup_20260511_172534\plr_files__INBOX_DROP_HERE\Plumber_Leadflow_FE_SLENDERMAN_BBHF","G:\Documents\warriorplus MMO\Agent PLR Saas\input_files\01_BUILD_PRODUCT\02_Product_Creation\digital_asset_creation\_backup_import_review\Plumber_Leadflow_FE_SLENDERMAN_BBHF","01_BUILD_PRODUCT\02_Product_Creation\digital_asset_creation\_backup_import_review"
"MOVED","G:\file_backup_PLR_Saas\backup_20260511_172534\plr_files__INBOX_DROP_HERE\Pomo-Videos-PLR","G:\Documents\warriorplus MMO\Agent PLR Saas\input_files\01_BUILD_PRODUCT\02_Product_Creation\digital_asset_creation\_backup_import_review\Pomo-Videos-PLR","01_BUILD_PRODUCT\02_Product_Creation\digital_asset_creation\_backup_import_review"
"MOVED","G:\file_backup_PLR_Saas\backup_20260511_172534\plr_files__INBOX_DROP_HERE\PowerOfSelfDiscipline","G:\Documents\warriorplus MMO\Agent PLR Saas\input_files\01_BUILD_PRODUCT\02_Product_Creation\digital_asset_creation\_backup_import_review\PowerOfSelfDiscipline","01_BUILD_PRODUCT\02_Product_Creation\digital_asset_creation\_backup_import_review"
"MOVED","G:\file_backup_PLR_Saas\backup_20260511_172534\plr_files__INBOX_DROP_HERE\SearchEngineDetector_MRR","G:\Documents\warriorplus MMO\Agent PLR Saas\input_files\01_BUILD_PRODUCT\02_Product_Creation\digital_asset_creation\_backup_import_review\SearchEngineDetector_MRR","01_BUILD_PRODUCT\02_Product_Creation\digital_asset_creation\_backup_import_review"
"MOVED","G:\file_backup_PLR_Saas\backup_20260511_172534\plr_files__INBOX_DROP_HERE\SEO-Video-Warrior","G:\Documents\warriorplus MMO\Agent PLR Saas\input_files\01_BUILD_PRODUCT\02_Product_Creation\digital_asset_creation\_backup_import_review\SEO-Video-Warrior","01_BUILD_PRODUCT\02_Product_Creation\digital_asset_creation\_backup_import_review"
"MOVED","G:\file_backup_PLR_Saas\backup_20260511_172534\plr_files__INBOX_DROP_HERE\SocialMediaMassacre_PLR","G:\Documents\warriorplus MMO\Agent PLR Saas\input_files\01_BUILD_PRODUCT\02_Product_Creation\digital_asset_creation\_backup_import_review\SocialMediaMassacre_PLR","01_BUILD_PRODUCT\02_Product_Creation\digital_asset_creation\_backup_import_review"
"MOVED","G:\file_backup_PLR_Saas\backup_20260511_172534\plr_files__INBOX_DROP_HERE\SoftwareProfitMastery01_PLR","G:\Documents\warriorplus MMO\Agent PLR Saas\input_files\01_BUILD_PRODUCT\02_Product_Creation\digital_asset_creation\_backup_import_review\SoftwareProfitMastery01_PLR","01_BUILD_PRODUCT\02_Product_Creation\digital_asset_creation\_backup_import_review"
"MOVED","G:\file_backup_PLR_Saas\backup_20260511_172534\plr_files__INBOX_DROP_HERE\TheArtOfMeditation","G:\Documents\warriorplus MMO\Agent PLR Saas\input_files\01_BUILD_PRODUCT\02_Product_Creation\digital_asset_creation\_backup_import_review\TheArtOfMeditation","01_BUILD_PRODUCT\02_Product_Creation\digital_asset_creation\_backup_import_review"
"MOVED","G:\file_backup_PLR_Saas\backup_20260511_172534\plr_files__INBOX_DROP_HERE\TheDigita MarketingLifestyle PLR FE + Upsell + Bonus","G:\Documents\warriorplus MMO\Agent PLR Saas\input_files\03_SALE_PAGE\08_Funnel_Pages\front_end_page\TheDigita MarketingLifestyle PLR FE + Upsell + Bonus","03_SALE_PAGE\08_Funnel_Pages\front_end_page"
"MOVED","G:\file_backup_PLR_Saas\backup_20260511_172534\plr_files__INBOX_DROP_HERE\TheGrowthMindset","G:\Documents\warriorplus MMO\Agent PLR Saas\input_files\01_BUILD_PRODUCT\02_Product_Creation\digital_asset_creation\_backup_import_review\TheGrowthMindset","01_BUILD_PRODUCT\02_Product_Creation\digital_asset_creation\_backup_import_review"
"MOVED","G:\file_backup_PLR_Saas\backup_20260511_172534\plr_files__INBOX_DROP_HERE\ThePowerOfFocus_mrrg","G:\Documents\warriorplus MMO\Agent PLR Saas\input_files\01_BUILD_PRODUCT\02_Product_Creation\digital_asset_creation\_backup_import_review\ThePowerOfFocus_mrrg","01_BUILD_PRODUCT\02_Product_Creation\digital_asset_creation\_backup_import_review"
"MOVED","G:\file_backup_PLR_Saas\backup_20260511_172534\plr_files__INBOX_DROP_HERE\The_Action_First_Vision_Board_FE_SLENDERMAN_BBHF","G:\Documents\warriorplus MMO\Agent PLR Saas\input_files\01_BUILD_PRODUCT\02_Product_Creation\digital_asset_creation\_backup_import_review\The_Action_First_Vision_Board_FE_SLENDERMAN_BBHF","01_BUILD_PRODUCT\02_Product_Creation\digital_asset_creation\_backup_import_review"
"MOVED","G:\file_backup_PLR_Saas\backup_20260511_172534\plr_files__INBOX_DROP_HERE\Time-For-SuccessPLRpack","G:\Documents\warriorplus MMO\Agent PLR Saas\input_files\01_BUILD_PRODUCT\02_Product_Creation\digital_asset_creation\_backup_import_review\Time-For-SuccessPLRpack","01_BUILD_PRODUCT\02_Product_Creation\digital_asset_creation\_backup_import_review"
"MOVED","G:\file_backup_PLR_Saas\backup_20260511_172534\plr_files__INBOX_DROP_HERE\UGC-Unleashed","G:\Documents\warriorplus MMO\Agent PLR Saas\input_files\01_BUILD_PRODUCT\02_Product_Creation\digital_asset_creation\_backup_import_review\UGC-Unleashed","01_BUILD_PRODUCT\02_Product_Creation\digital_asset_creation\_backup_import_review"
"MOVED","G:\file_backup_PLR_Saas\backup_20260511_172534\plr_files__INBOX_DROP_HERE\Understanding_Private_Label_Content _ PLR","G:\Documents\warriorplus MMO\Agent PLR Saas\input_files\01_BUILD_PRODUCT\02_Product_Creation\ebook_creation\Understanding_Private_Label_Content _ PLR","01_BUILD_PRODUCT\02_Product_Creation\ebook_creation"
"MOVED","G:\file_backup_PLR_Saas\backup_20260511_172534\plr_files__INBOX_DROP_HERE\Unlock-Your-Hip-Flexors","G:\Documents\warriorplus MMO\Agent PLR Saas\input_files\01_BUILD_PRODUCT\02_Product_Creation\digital_asset_creation\_backup_import_review\Unlock-Your-Hip-Flexors","01_BUILD_PRODUCT\02_Product_Creation\digital_asset_creation\_backup_import_review"
"MOVED","G:\file_backup_PLR_Saas\backup_20260511_172534\plr_files__INBOX_DROP_HERE\UPSELL BONUSES","G:\Documents\warriorplus MMO\Agent PLR Saas\input_files\03_SALE_PAGE\08_Funnel_Pages\front_end_page\UPSELL BONUSES","03_SALE_PAGE\08_Funnel_Pages\front_end_page"
"MOVED","G:\file_backup_PLR_Saas\backup_20260511_172534\plr_files__INBOX_DROP_HERE\Upstrider_HOT_Digital_Products_Library_PLR_Bundle_SLENDERMAN_BBHF","G:\Documents\warriorplus MMO\Agent PLR Saas\input_files\01_BUILD_PRODUCT\02_Product_Creation\digital_asset_creation\_backup_import_review\Upstrider_HOT_Digital_Products_Library_PLR_Bundle_SLENDERMAN_BBHF","01_BUILD_PRODUCT\02_Product_Creation\digital_asset_creation\_backup_import_review"
"MOVED","G:\file_backup_PLR_Saas\backup_20260511_172534\plr_files__INBOX_DROP_HERE\WordPress Automation Secrets","G:\Documents\warriorplus MMO\Agent PLR Saas\input_files\01_BUILD_PRODUCT\02_Product_Creation\ebook_creation\WordPress Automation Secrets","01_BUILD_PRODUCT\02_Product_Creation\ebook_creation"
"MOVED","G:\file_backup_PLR_Saas\backup_20260511_172534\plr_files__INBOX_DROP_HERE\WordPress+Success-PLR-20180328T105843Z-001","G:\Documents\warriorplus MMO\Agent PLR Saas\input_files\01_BUILD_PRODUCT\02_Product_Creation\ebook_creation\WordPress+Success-PLR-20180328T105843Z-001","01_BUILD_PRODUCT\02_Product_Creation\ebook_creation"
"MOVED","G:\file_backup_PLR_Saas\backup_20260511_172534\plr_files__INBOX_DROP_HERE\WPInboxMonsterPLR","G:\Documents\warriorplus MMO\Agent PLR Saas\input_files\01_BUILD_PRODUCT\02_Product_Creation\digital_asset_creation\_backup_import_review\WPInboxMonsterPLR","01_BUILD_PRODUCT\02_Product_Creation\digital_asset_creation\_backup_import_review"
"SKIP","G:\file_backup_PLR_Saas\backup_20260511_172534\plr_files__INBOX_DROP_HERE\.keep","","ignored_marker"
"MOVED","G:\file_backup_PLR_Saas\backup_20260511_172534\plr_files__INBOX_DROP_HERE\AM5Dn6pC9yAgM1vgh1_Vg7o","G:\Documents\warriorplus MMO\Agent PLR Saas\input_files\01_BUILD_PRODUCT\02_Product_Creation\digital_asset_creation\_backup_import_review\AM5Dn6pC9yAgM1vgh1_Vg7o","01_BUILD_PRODUCT\02_Product_Creation\digital_asset_creation\_backup_import_review"
"MOVED","G:\file_backup_PLR_Saas\backup_20260511_172534\plr_files__INBOX_DROP_HERE\Brand Yourself Use PLR on Social Networking Sites-converted.pdf","G:\Documents\warriorplus MMO\Agent PLR Saas\input_files\01_BUILD_PRODUCT\02_Product_Creation\ebook_creation\Brand Yourself Use PLR on Social Networking Sites-converted.pdf","01_BUILD_PRODUCT\02_Product_Creation\ebook_creation"
"MOVED","G:\file_backup_PLR_Saas\backup_20260511_172534\plr_files__INBOX_DROP_HERE\FE-1-BetterEveryDay-BONUS.txt","G:\Documents\warriorplus MMO\Agent PLR Saas\input_files\03_SALE_PAGE\08_Funnel_Pages\front_end_page\FE-1-BetterEveryDay-BONUS.txt","03_SALE_PAGE\08_Funnel_Pages\front_end_page"
"MOVED","G:\file_backup_PLR_Saas\backup_20260511_172534\plr_files__INBOX_DROP_HERE\FE-GlutenFreeLifestyle-BONUS.txt","G:\Documents\warriorplus MMO\Agent PLR Saas\input_files\03_SALE_PAGE\08_Funnel_Pages\front_end_page\FE-GlutenFreeLifestyle-BONUS.txt","03_SALE_PAGE\08_Funnel_Pages\front_end_page"
"MOVED","G:\file_backup_PLR_Saas\backup_20260511_172534\plr_files__INBOX_DROP_HERE\FE-PositiveThinkingSecrets-BONUS.txt","G:\Documents\warriorplus MMO\Agent PLR Saas\input_files\03_SALE_PAGE\08_Funnel_Pages\front_end_page\FE-PositiveThinkingSecrets-BONUS.txt","03_SALE_PAGE\08_Funnel_Pages\front_end_page"
"MOVED","G:\file_backup_PLR_Saas\backup_20260511_172534\plr_files__INBOX_DROP_HERE\FE.pdf","G:\Documents\warriorplus MMO\Agent PLR Saas\input_files\03_SALE_PAGE\08_Funnel_Pages\front_end_page\FE.pdf","03_SALE_PAGE\08_Funnel_Pages\front_end_page"
"MOVED","G:\file_backup_PLR_Saas\backup_20260511_172534\plr_files__INBOX_DROP_HERE\Meditation+Profit+Vault+PLR+-+Front+End+-+Delivery.docx","G:\Documents\warriorplus MMO\Agent PLR Saas\input_files\03_SALE_PAGE\08_Funnel_Pages\front_end_page\Meditation+Profit+Vault+PLR+-+Front+End+-+Delivery.docx","03_SALE_PAGE\08_Funnel_Pages\front_end_page"
"MOVED","G:\file_backup_PLR_Saas\backup_20260511_172534\plr_files__INBOX_DROP_HERE\Morning Ritual Mastery FE-Selfhelp.pdf","G:\Documents\warriorplus MMO\Agent PLR Saas\input_files\03_SALE_PAGE\08_Funnel_Pages\front_end_page\Morning Ritual Mastery FE-Selfhelp.pdf","03_SALE_PAGE\08_Funnel_Pages\front_end_page"
"MOVED","G:\file_backup_PLR_Saas\backup_20260511_172534\plr_files__INBOX_DROP_HERE\open","G:\Documents\warriorplus MMO\Agent PLR Saas\input_files\01_BUILD_PRODUCT\02_Product_Creation\digital_asset_creation\_backup_import_review\open","01_BUILD_PRODUCT\02_Product_Creation\digital_asset_creation\_backup_import_review"
"MOVED","G:\file_backup_PLR_Saas\backup_20260511_172534\plr_files__INBOX_DROP_HERE\plr-stack-2023---checklists.pdf","G:\Documents\warriorplus MMO\Agent PLR Saas\input_files\01_BUILD_PRODUCT\04_Bonus_Creation\bonus_stack\plr-stack-2023---checklists.pdf","01_BUILD_PRODUCT\04_Bonus_Creation\bonus_stack"
"MOVED","G:\file_backup_PLR_Saas\backup_20260511_172534\plr_files__INBOX_DROP_HERE\self-confidence secerets FE.pdf","G:\Documents\warriorplus MMO\Agent PLR Saas\input_files\03_SALE_PAGE\08_Funnel_Pages\front_end_page\self-confidence secerets FE.pdf","03_SALE_PAGE\08_Funnel_Pages\front_end_page"
"MOVED","G:\file_backup_PLR_Saas\backup_20260511_172534\plr_files__INBOX_DROP_HERE\The-Purpose-Of-Life-FE-Selfhelp.pdf","G:\Documents\warriorplus MMO\Agent PLR Saas\input_files\03_SALE_PAGE\08_Funnel_Pages\front_end_page\The-Purpose-Of-Life-FE-Selfhelp.pdf","03_SALE_PAGE\08_Funnel_Pages\front_end_page"
"MOVED","G:\file_backup_PLR_Saas\backup_20260511_172534\plr_files__INBOX_DROP_HERE\Video_Courses_Collection_Tutorial.mp4","G:\Documents\warriorplus MMO\Agent PLR Saas\input_files\01_BUILD_PRODUCT\04_Bonus_Creation\bonus_stack\Video_Courses_Collection_Tutorial.mp4","01_BUILD_PRODUCT\04_Bonus_Creation\bonus_stack"
"MOVED","G:\file_backup_PLR_Saas\backup_20260511_172534\plr_files__INBOX_DROP_HERE\view","G:\Documents\warriorplus MMO\Agent PLR Saas\input_files\01_BUILD_PRODUCT\02_Product_Creation\digital_asset_creation\_backup_import_review\view","01_BUILD_PRODUCT\02_Product_Creation\digital_asset_creation\_backup_import_review"
"MOVED","G:\file_backup_PLR_Saas\backup_20260511_172534\saas_files__INBOX_DROP_HERE\Airb_Cash_PRO_Slender","G:\Documents\warriorplus MMO\Agent PLR Saas\input_files\01_BUILD_PRODUCT\02_Product_Creation\digital_asset_creation\_backup_import_review\Airb_Cash_PRO_Slender","01_BUILD_PRODUCT\02_Product_Creation\digital_asset_creation\_backup_import_review"
"MOVED","G:\file_backup_PLR_Saas\backup_20260511_172534\saas_files__INBOX_DROP_HERE\AI_Plus_Bundle_2.0_Slender","G:\Documents\warriorplus MMO\Agent PLR Saas\input_files\01_BUILD_PRODUCT\04_Bonus_Creation\bonus_stack\AI_Plus_Bundle_2.0_Slender","01_BUILD_PRODUCT\04_Bonus_Creation\bonus_stack"
"MOVED","G:\file_backup_PLR_Saas\backup_20260511_172534\saas_files__INBOX_DROP_HERE\aNotioneer_Complete_Notion_Bundle","G:\Documents\warriorplus MMO\Agent PLR Saas\input_files\01_BUILD_PRODUCT\02_Product_Creation\digital_asset_creation\_backup_import_review\aNotioneer_Complete_Notion_Bundle","01_BUILD_PRODUCT\02_Product_Creation\digital_asset_creation\_backup_import_review"
"MOVED","G:\file_backup_PLR_Saas\backup_20260511_172534\saas_files__INBOX_DROP_HERE\Build_Directory_Products_with_No_code_and_AI_Research_as_a_Product_RaaP_SLENDERMAN_BBHF","G:\Documents\warriorplus MMO\Agent PLR Saas\input_files\01_BUILD_PRODUCT\02_Product_Creation\digital_asset_creation\_backup_import_review\Build_Directory_Products_with_No_code_and_AI_Research_as_a_Product_RaaP_SLENDERMAN_BBHF","01_BUILD_PRODUCT\02_Product_Creation\digital_asset_creation\_backup_import_review"
"MOVED","G:\file_backup_PLR_Saas\backup_20260511_172534\saas_files__INBOX_DROP_HERE\Build_Once_Sell_Forever_SlenderMan","G:\Documents\warriorplus MMO\Agent PLR Saas\input_files\01_BUILD_PRODUCT\02_Product_Creation\digital_asset_creation\_backup_import_review\Build_Once_Sell_Forever_SlenderMan","01_BUILD_PRODUCT\02_Product_Creation\digital_asset_creation\_backup_import_review"
"MOVED","G:\file_backup_PLR_Saas\backup_20260511_172534\saas_files__INBOX_DROP_HERE\Complete_Ideas_Bundle_SlenderMan","G:\Documents\warriorplus MMO\Agent PLR Saas\input_files\01_BUILD_PRODUCT\02_Product_Creation\digital_asset_creation\_backup_import_review\Complete_Ideas_Bundle_SlenderMan","01_BUILD_PRODUCT\02_Product_Creation\digital_asset_creation\_backup_import_review"
"MOVED","G:\file_backup_PLR_Saas\backup_20260511_172534\saas_files__INBOX_DROP_HERE\Digital_Ninja_Marketing_Secrets_SLENDERMAN_BBHF","G:\Documents\warriorplus MMO\Agent PLR Saas\input_files\01_BUILD_PRODUCT\02_Product_Creation\digital_asset_creation\_backup_import_review\Digital_Ninja_Marketing_Secrets_SLENDERMAN_BBHF","01_BUILD_PRODUCT\02_Product_Creation\digital_asset_creation\_backup_import_review"
"MOVED","G:\file_backup_PLR_Saas\backup_20260511_172534\saas_files__INBOX_DROP_HERE\Fiverr_100k_Blueprint_Gumroad_SLENDERMAN_BBHF","G:\Documents\warriorplus MMO\Agent PLR Saas\input_files\01_BUILD_PRODUCT\02_Product_Creation\digital_asset_creation\_backup_import_review\Fiverr_100k_Blueprint_Gumroad_SLENDERMAN_BBHF","01_BUILD_PRODUCT\02_Product_Creation\digital_asset_creation\_backup_import_review"
"MOVED","G:\file_backup_PLR_Saas\backup_20260511_172534\saas_files__INBOX_DROP_HERE\Health_Hub_OS","G:\Documents\warriorplus MMO\Agent PLR Saas\input_files\01_BUILD_PRODUCT\02_Product_Creation\digital_asset_creation\_backup_import_review\Health_Hub_OS","01_BUILD_PRODUCT\02_Product_Creation\digital_asset_creation\_backup_import_review"
"MOVED","G:\file_backup_PLR_Saas\backup_20260511_172534\saas_files__INBOX_DROP_HERE\How_to_Make_6_Figures_Selling_SaaS_at_Home","G:\Documents\warriorplus MMO\Agent PLR Saas\input_files\01_BUILD_PRODUCT\02_Product_Creation\digital_asset_creation\_backup_import_review\How_to_Make_6_Figures_Selling_SaaS_at_Home","01_BUILD_PRODUCT\02_Product_Creation\digital_asset_creation\_backup_import_review"
"MOVED","G:\file_backup_PLR_Saas\backup_20260511_172534\saas_files__INBOX_DROP_HERE\Irresistible_Copy_32_Pages_Gumroad_SLENDERMAN_BBHF","G:\Documents\warriorplus MMO\Agent PLR Saas\input_files\01_BUILD_PRODUCT\02_Product_Creation\digital_asset_creation\_backup_import_review\Irresistible_Copy_32_Pages_Gumroad_SLENDERMAN_BBHF","01_BUILD_PRODUCT\02_Product_Creation\digital_asset_creation\_backup_import_review"
"MOVED","G:\file_backup_PLR_Saas\backup_20260511_172534\saas_files__INBOX_DROP_HERE\Kyle_Balmer_AI_Business_Playbook_Vault_SLENDERMAN_BBHF","G:\Documents\warriorplus MMO\Agent PLR Saas\input_files\01_BUILD_PRODUCT\02_Product_Creation\digital_asset_creation\_backup_import_review\Kyle_Balmer_AI_Business_Playbook_Vault_SLENDERMAN_BBHF","01_BUILD_PRODUCT\02_Product_Creation\digital_asset_creation\_backup_import_review"
"MOVED","G:\file_backup_PLR_Saas\backup_20260511_172534\saas_files__INBOX_DROP_HERE\Matt_Serviuos_AI_Profit_Slender","G:\Documents\warriorplus MMO\Agent PLR Saas\input_files\01_BUILD_PRODUCT\02_Product_Creation\digital_asset_creation\_backup_import_review\Matt_Serviuos_AI_Profit_Slender","01_BUILD_PRODUCT\02_Product_Creation\digital_asset_creation\_backup_import_review"
"MOVED","G:\file_backup_PLR_Saas\backup_20260511_172534\saas_files__INBOX_DROP_HERE\Notion_For_Agencies_and_AgencyHQ_SLENDERMAN_BBHF","G:\Documents\warriorplus MMO\Agent PLR Saas\input_files\01_BUILD_PRODUCT\02_Product_Creation\digital_asset_creation\_backup_import_review\Notion_For_Agencies_and_AgencyHQ_SLENDERMAN_BBHF","01_BUILD_PRODUCT\02_Product_Creation\digital_asset_creation\_backup_import_review"
"MOVED","G:\file_backup_PLR_Saas\backup_20260511_172534\saas_files__INBOX_DROP_HERE\Notion_Second_Brain_SLENDER","G:\Documents\warriorplus MMO\Agent PLR Saas\input_files\01_BUILD_PRODUCT\02_Product_Creation\digital_asset_creation\_backup_import_review\Notion_Second_Brain_SLENDER","01_BUILD_PRODUCT\02_Product_Creation\digital_asset_creation\_backup_import_review"
"MOVED","G:\file_backup_PLR_Saas\backup_20260511_172534\saas_files__INBOX_DROP_HERE\Notion_Startup_OS_Slender","G:\Documents\warriorplus MMO\Agent PLR Saas\input_files\01_BUILD_PRODUCT\02_Product_Creation\digital_asset_creation\_backup_import_review\Notion_Startup_OS_Slender","01_BUILD_PRODUCT\02_Product_Creation\digital_asset_creation\_backup_import_review"
"MOVED","G:\file_backup_PLR_Saas\backup_20260511_172534\saas_files__INBOX_DROP_HERE\Opulentos_Black_Hat_Bible_Gumroad_SLENDERMAN_BBHF","G:\Documents\warriorplus MMO\Agent PLR Saas\input_files\01_BUILD_PRODUCT\02_Product_Creation\digital_asset_creation\_backup_import_review\Opulentos_Black_Hat_Bible_Gumroad_SLENDERMAN_BBHF","01_BUILD_PRODUCT\02_Product_Creation\digital_asset_creation\_backup_import_review"
"MOVED","G:\file_backup_PLR_Saas\backup_20260511_172534\saas_files__INBOX_DROP_HERE\Programmatic_SEO_Tools_2024","G:\Documents\warriorplus MMO\Agent PLR Saas\input_files\01_BUILD_PRODUCT\02_Product_Creation\digital_asset_creation\_backup_import_review\Programmatic_SEO_Tools_2024","01_BUILD_PRODUCT\02_Product_Creation\digital_asset_creation\_backup_import_review"
"MOVED","G:\file_backup_PLR_Saas\backup_20260511_172534\saas_files__INBOX_DROP_HERE\SaaS_and_Ecommerce_Growth_Hacks_Bundle_SM_BBHF","G:\Documents\warriorplus MMO\Agent PLR Saas\input_files\01_BUILD_PRODUCT\02_Product_Creation\digital_asset_creation\_backup_import_review\SaaS_and_Ecommerce_Growth_Hacks_Bundle_SM_BBHF","01_BUILD_PRODUCT\02_Product_Creation\digital_asset_creation\_backup_import_review"
"MOVED","G:\file_backup_PLR_Saas\backup_20260511_172534\saas_files__INBOX_DROP_HERE\SaaS_Email_Marketing_Handbook_Complete_Package_Slender","G:\Documents\warriorplus MMO\Agent PLR Saas\input_files\01_BUILD_PRODUCT\02_Product_Creation\digital_asset_creation\_backup_import_review\SaaS_Email_Marketing_Handbook_Complete_Package_Slender","01_BUILD_PRODUCT\02_Product_Creation\digital_asset_creation\_backup_import_review"
"MOVED","G:\file_backup_PLR_Saas\backup_20260511_172534\saas_files__INBOX_DROP_HERE\SaaS_Email_Marketing_Masterclass_Gumroad_SLENDERMAN_BBHF","G:\Documents\warriorplus MMO\Agent PLR Saas\input_files\01_BUILD_PRODUCT\02_Product_Creation\digital_asset_creation\_backup_import_review\SaaS_Email_Marketing_Masterclass_Gumroad_SLENDERMAN_BBHF","01_BUILD_PRODUCT\02_Product_Creation\digital_asset_creation\_backup_import_review"
"MOVED","G:\file_backup_PLR_Saas\backup_20260511_172534\saas_files__INBOX_DROP_HERE\Saas_Growth_Kit_2024","G:\Documents\warriorplus MMO\Agent PLR Saas\input_files\01_BUILD_PRODUCT\02_Product_Creation\digital_asset_creation\_backup_import_review\Saas_Growth_Kit_2024","01_BUILD_PRODUCT\02_Product_Creation\digital_asset_creation\_backup_import_review"
"MOVED","G:\file_backup_PLR_Saas\backup_20260511_172534\saas_files__INBOX_DROP_HERE\SaaS_Growth_Tactics_Alex_Estner","G:\Documents\warriorplus MMO\Agent PLR Saas\input_files\01_BUILD_PRODUCT\02_Product_Creation\digital_asset_creation\_backup_import_review\SaaS_Growth_Tactics_Alex_Estner","01_BUILD_PRODUCT\02_Product_Creation\digital_asset_creation\_backup_import_review"
"MOVED","G:\file_backup_PLR_Saas\backup_20260511_172534\saas_files__INBOX_DROP_HERE\Secret_Cash_Course_SLENDERMAN_BBHF","G:\Documents\warriorplus MMO\Agent PLR Saas\input_files\01_BUILD_PRODUCT\02_Product_Creation\digital_asset_creation\_backup_import_review\Secret_Cash_Course_SLENDERMAN_BBHF","01_BUILD_PRODUCT\02_Product_Creation\digital_asset_creation\_backup_import_review"
"MOVED","G:\file_backup_PLR_Saas\backup_20260511_172534\saas_files__INBOX_DROP_HERE\THE ULTIMATE ENTREPRENEUR 200,000 PROMPTS","G:\Documents\warriorplus MMO\Agent PLR Saas\input_files\01_BUILD_PRODUCT\02_Product_Creation\digital_asset_creation\THE ULTIMATE ENTREPRENEUR 200,000 PROMPTS","01_BUILD_PRODUCT\02_Product_Creation\digital_asset_creation"
"MOVED","G:\file_backup_PLR_Saas\backup_20260511_172534\saas_files__INBOX_DROP_HERE\The_AI_Cinematographers_Midjourney_Playbook_Guide_SLENDERMAN_BBHF","G:\Documents\warriorplus MMO\Agent PLR Saas\input_files\01_BUILD_PRODUCT\02_Product_Creation\digital_asset_creation\_backup_import_review\The_AI_Cinematographers_Midjourney_Playbook_Guide_SLENDERMAN_BBHF","01_BUILD_PRODUCT\02_Product_Creation\digital_asset_creation\_backup_import_review"
"MOVED","G:\file_backup_PLR_Saas\backup_20260511_172534\saas_files__INBOX_DROP_HERE\THE_AI_ULTIMATE_COLLECTION_Slender","G:\Documents\warriorplus MMO\Agent PLR Saas\input_files\01_BUILD_PRODUCT\02_Product_Creation\digital_asset_creation\_backup_import_review\THE_AI_ULTIMATE_COLLECTION_Slender","01_BUILD_PRODUCT\02_Product_Creation\digital_asset_creation\_backup_import_review"
"MOVED","G:\file_backup_PLR_Saas\backup_20260511_172534\saas_files__INBOX_DROP_HERE\The_Ultimate_SAAS_Course_SLENDERMAN_BBHF","G:\Documents\warriorplus MMO\Agent PLR Saas\input_files\01_BUILD_PRODUCT\02_Product_Creation\digital_asset_creation\_backup_import_review\The_Ultimate_SAAS_Course_SLENDERMAN_BBHF","01_BUILD_PRODUCT\02_Product_Creation\digital_asset_creation\_backup_import_review"
"MOVED","G:\file_backup_PLR_Saas\backup_20260511_172534\saas_files__INBOX_DROP_HERE\Ultimate_ADHD_Brain_Template_2.0_SLENDERMAN_BBHF","G:\Documents\warriorplus MMO\Agent PLR Saas\input_files\01_BUILD_PRODUCT\02_Product_Creation\template_creation\Ultimate_ADHD_Brain_Template_2.0_SLENDERMAN_BBHF","01_BUILD_PRODUCT\02_Product_Creation\template_creation"
"MOVED","G:\file_backup_PLR_Saas\backup_20260511_172534\saas_files__INBOX_DROP_HERE\What_To_Ship_Idea_List_SLENDERMAN_BBHF","G:\Documents\warriorplus MMO\Agent PLR Saas\input_files\01_BUILD_PRODUCT\02_Product_Creation\digital_asset_creation\_backup_import_review\What_To_Ship_Idea_List_SLENDERMAN_BBHF","01_BUILD_PRODUCT\02_Product_Creation\digital_asset_creation\_backup_import_review"
"MOVED","G:\file_backup_PLR_Saas\backup_20260511_172534\saas_files__INBOX_DROP_HERE\Zero_to_Founder_2024","G:\Documents\warriorplus MMO\Agent PLR Saas\input_files\01_BUILD_PRODUCT\02_Product_Creation\digital_asset_creation\_backup_import_review\Zero_to_Founder_2024","01_BUILD_PRODUCT\02_Product_Creation\digital_asset_creation\_backup_import_review"
"MOVED","G:\file_backup_PLR_Saas\backup_20260511_172534\saas_files__INBOX_DROP_HERE\Zero_to_MVP_with_Nocode","G:\Documents\warriorplus MMO\Agent PLR Saas\input_files\01_BUILD_PRODUCT\02_Product_Creation\digital_asset_creation\_backup_import_review\Zero_to_MVP_with_Nocode","01_BUILD_PRODUCT\02_Product_Creation\digital_asset_creation\_backup_import_review"
"MOVED","G:\file_backup_PLR_Saas\backup_20260511_172534\saas_files__INBOX_DROP_HERE\Document-4.docx","G:\Documents\warriorplus MMO\Agent PLR Saas\input_files\01_BUILD_PRODUCT\02_Product_Creation\digital_asset_creation\_backup_import_review\Document-4.docx","01_BUILD_PRODUCT\02_Product_Creation\digital_asset_creation\_backup_import_review"
"SKIP","G:\file_backup_PLR_Saas\backup_20260511_172534\saas_files__INBOX_DROP_HERE\PUT_ALL_SAAS_FILES_HERE.txt","","ignored_marker"
