"Status","Name","Destination","Key"
"MOVED","2020-PLR-License","G:\Documents\warriorplus MMO\Agent PLR Saas\input_files\01_BUILD_PRODUCT\02_Product_Creation\digital_asset_creation\_misc_unknown\2020-PLR-License","01_BUILD_PRODUCT\02_Product_Creation\digital_asset_creation\_misc_unknown"
"MOVED","31-AMPT","G:\Documents\warriorplus MMO\Agent PLR Saas\input_files\02_JV_MANAGER\04_Promo_Materials\promo_materials\31-AMPT","02_JV_MANAGER\04_Promo_Materials\promo_materials"
"MOVED","51 Win Web Traffi Ide","G:\Documents\warriorplus MMO\Agent PLR Saas\input_files\01_BUILD_PRODUCT\02_Product_Creation\digital_asset_creation\_misc_unknown\51 Win Web Traffi Ide","01_BUILD_PRODUCT\02_Product_Creation\digital_asset_creation\_misc_unknown"
"MOVED","60PhotoshopActionScripts","G:\Documents\warriorplus MMO\Agent PLR Saas\input_files\01_BUILD_PRODUCT\02_Product_Creation\digital_asset_creation\_misc_unknown\60PhotoshopActionScripts","01_BUILD_PRODUCT\02_Product_Creation\digital_asset_creation\_misc_unknown"
"MOVED","7WAYS-PROFIT-BITCOIN","G:\Documents\warriorplus MMO\Agent PLR Saas\input_files\01_BUILD_PRODUCT\02_Product_Creation\digital_asset_creation\_misc_unknown\7WAYS-PROFIT-BITCOIN","01_BUILD_PRODUCT\02_Product_Creation\digital_asset_creation\_misc_unknown"
"MOVED","Abundance_Print_Big_Reset_SLENDERMAN_BBHF","G:\Documents\warriorplus MMO\Agent PLR Saas\input_files\01_BUILD_PRODUCT\02_Product_Creation\digital_asset_creation\_misc_unknown\Abundance_Print_Big_Reset_SLENDERMAN_BBHF","01_BUILD_PRODUCT\02_Product_Creation\digital_asset_creation\_misc_unknown"
"MOVED","ACBI","G:\Documents\warriorplus MMO\Agent PLR Saas\input_files\01_BUILD_PRODUCT\02_Product_Creation\digital_asset_creation\_misc_unknown\ACBI","01_BUILD_PRODUCT\02_Product_Creation\digital_asset_creation\_misc_unknown"
"MOVED","acr","G:\Documents\warriorplus MMO\Agent PLR Saas\input_files\01_BUILD_PRODUCT\02_Product_Creation\digital_asset_creation\_misc_unknown\acr","01_BUILD_PRODUCT\02_Product_Creation\digital_asset_creation\_misc_unknown"
"MOVED","Affiliate-TerminologyPLRpack","G:\Documents\warriorplus MMO\Agent PLR Saas\input_files\01_BUILD_PRODUCT\02_Product_Creation\digital_asset_creation\_misc_unknown\Affiliate-TerminologyPLRpack","01_BUILD_PRODUCT\02_Product_Creation\digital_asset_creation\_misc_unknown"
"MOVED","Airb_Cash_PRO_Slender","G:\Documents\warriorplus MMO\Agent PLR Saas\input_files\01_BUILD_PRODUCT\02_Product_Creation\digital_asset_creation\_misc_unknown\Airb_Cash_PRO_Slender","01_BUILD_PRODUCT\02_Product_Creation\digital_asset_creation\_misc_unknown"
"MOVED","All-Rights-Explained_MRRG","G:\Documents\warriorplus MMO\Agent PLR Saas\input_files\01_BUILD_PRODUCT\02_Product_Creation\digital_asset_creation\_misc_unknown\All-Rights-Explained_MRRG","01_BUILD_PRODUCT\02_Product_Creation\digital_asset_creation\_misc_unknown"
"MOVED","aNotioneer_Complete_Notion_Bundle","G:\Documents\warriorplus MMO\Agent PLR Saas\input_files\01_BUILD_PRODUCT\02_Product_Creation\digital_asset_creation\_misc_unknown\aNotioneer_Complete_Notion_Bundle","01_BUILD_PRODUCT\02_Product_Creation\digital_asset_creation\_misc_unknown"
"MOVED","Audience-Amplifier","G:\Documents\warriorplus MMO\Agent PLR Saas\input_files\01_BUILD_PRODUCT\02_Product_Creation\digital_asset_creation\_misc_unknown\Audience-Amplifier","01_BUILD_PRODUCT\02_Product_Creation\digital_asset_creation\_misc_unknown"
"MOVED","BreastCancerPrevention_PU","G:\Documents\warriorplus MMO\Agent PLR Saas\input_files\01_BUILD_PRODUCT\02_Product_Creation\digital_asset_creation\_misc_unknown\BreastCancerPrevention_PU","01_BUILD_PRODUCT\02_Product_Creation\digital_asset_creation\_misc_unknown"
"MOVED","Build_Directory_Products_with_No_code_and_AI_Research_as_a_Product_RaaP_SLENDERMAN_BBHF","G:\Documents\warriorplus MMO\Agent PLR Saas\input_files\01_BUILD_PRODUCT\02_Product_Creation\digital_asset_creation\_misc_unknown\Build_Directory_Products_with_No_code_and_AI_Research_as_a_Product_RaaP_SLENDERMAN_BBHF","01_BUILD_PRODUCT\02_Product_Creation\digital_asset_creation\_misc_unknown"
"MOVED","Build_Once_Sell_Forever_SlenderMan","G:\Documents\warriorplus MMO\Agent PLR Saas\input_files\01_BUILD_PRODUCT\02_Product_Creation\digital_asset_creation\_misc_unknown\Build_Once_Sell_Forever_SlenderMan","01_BUILD_PRODUCT\02_Product_Creation\digital_asset_creation\_misc_unknown"
"MOVED","CanvaPlannerLinks","G:\Documents\warriorplus MMO\Agent PLR Saas\input_files\01_BUILD_PRODUCT\02_Product_Creation\digital_asset_creation\_misc_unknown\CanvaPlannerLinks","01_BUILD_PRODUCT\02_Product_Creation\digital_asset_creation\_misc_unknown"
"MOVED","CF-MBS-091818","G:\Documents\warriorplus MMO\Agent PLR Saas\input_files\01_BUILD_PRODUCT\02_Product_Creation\digital_asset_creation\_misc_unknown\CF-MBS-091818","01_BUILD_PRODUCT\02_Product_Creation\digital_asset_creation\_misc_unknown"
"MOVED","CleanEatingArticles","G:\Documents\warriorplus MMO\Agent PLR Saas\input_files\01_BUILD_PRODUCT\02_Product_Creation\digital_asset_creation\_misc_unknown\CleanEatingArticles","01_BUILD_PRODUCT\02_Product_Creation\digital_asset_creation\_misc_unknown"
"MOVED","Co-Registration-PLR","G:\Documents\warriorplus MMO\Agent PLR Saas\input_files\01_BUILD_PRODUCT\02_Product_Creation\digital_asset_creation\_misc_unknown\Co-Registration-PLR","01_BUILD_PRODUCT\02_Product_Creation\digital_asset_creation\_misc_unknown"
"MOVED","Complete_Ideas_Bundle_SlenderMan","G:\Documents\warriorplus MMO\Agent PLR Saas\input_files\01_BUILD_PRODUCT\02_Product_Creation\digital_asset_creation\_misc_unknown\Complete_Ideas_Bundle_SlenderMan","01_BUILD_PRODUCT\02_Product_Creation\digital_asset_creation\_misc_unknown"
"MOVED","ConfidenceCheck","G:\Documents\warriorplus MMO\Agent PLR Saas\input_files\01_BUILD_PRODUCT\02_Product_Creation\digital_asset_creation\_misc_unknown\ConfidenceCheck","01_BUILD_PRODUCT\02_Product_Creation\digital_asset_creation\_misc_unknown"
"MOVED","CopingWithStress","G:\Documents\warriorplus MMO\Agent PLR Saas\input_files\01_BUILD_PRODUCT\02_Product_Creation\digital_asset_creation\_misc_unknown\CopingWithStress","01_BUILD_PRODUCT\02_Product_Creation\digital_asset_creation\_misc_unknown"
"MOVED","DetoxYourBodyForBetterHealth__MRR","G:\Documents\warriorplus MMO\Agent PLR Saas\input_files\01_BUILD_PRODUCT\02_Product_Creation\digital_asset_creation\_misc_unknown\DetoxYourBodyForBetterHealth__MRR","01_BUILD_PRODUCT\02_Product_Creation\digital_asset_creation\_misc_unknown"
"MOVED","Digital-EmpirePLRpack","G:\Documents\warriorplus MMO\Agent PLR Saas\input_files\01_BUILD_PRODUCT\02_Product_Creation\digital_asset_creation\_misc_unknown\Digital-EmpirePLRpack","01_BUILD_PRODUCT\02_Product_Creation\digital_asset_creation\_misc_unknown"
"MOVED","Digital-Rocket-FuelPLRpack","G:\Documents\warriorplus MMO\Agent PLR Saas\input_files\01_BUILD_PRODUCT\02_Product_Creation\digital_asset_creation\_misc_unknown\Digital-Rocket-FuelPLRpack","01_BUILD_PRODUCT\02_Product_Creation\digital_asset_creation\_misc_unknown"
"MOVED","Digital_Ninja_Marketing_Secrets_SLENDERMAN_BBHF","G:\Documents\warriorplus MMO\Agent PLR Saas\input_files\01_BUILD_PRODUCT\02_Product_Creation\digital_asset_creation\_misc_unknown\Digital_Ninja_Marketing_Secrets_SLENDERMAN_BBHF","01_BUILD_PRODUCT\02_Product_Creation\digital_asset_creation\_misc_unknown"
"MOVED","Digital_Product_Masterclass_FE_FRONTEND","G:\Documents\warriorplus MMO\Agent PLR Saas\input_files\01_BUILD_PRODUCT\02_Product_Creation\digital_asset_creation\_misc_unknown\Digital_Product_Masterclass_FE_FRONTEND","01_BUILD_PRODUCT\02_Product_Creation\digital_asset_creation\_misc_unknown"
"MOVED","Driving_Force_Within","G:\Documents\warriorplus MMO\Agent PLR Saas\input_files\01_BUILD_PRODUCT\02_Product_Creation\digital_asset_creation\_misc_unknown\Driving_Force_Within","01_BUILD_PRODUCT\02_Product_Creation\digital_asset_creation\_misc_unknown"
"MOVED","Dynamite-ReportsPLRpack","G:\Documents\warriorplus MMO\Agent PLR Saas\input_files\01_BUILD_PRODUCT\02_Product_Creation\digital_asset_creation\_misc_unknown\Dynamite-ReportsPLRpack","01_BUILD_PRODUCT\02_Product_Creation\digital_asset_creation\_misc_unknown"
"MOVED","Ecommerce-OverdrivePLRpack","G:\Documents\warriorplus MMO\Agent PLR Saas\input_files\01_BUILD_PRODUCT\02_Product_Creation\digital_asset_creation\_misc_unknown\Ecommerce-OverdrivePLRpack","01_BUILD_PRODUCT\02_Product_Creation\digital_asset_creation\_misc_unknown"
"MOVED","Email-MonetizerPLRpack","G:\Documents\warriorplus MMO\Agent PLR Saas\input_files\01_BUILD_PRODUCT\02_Product_Creation\digital_asset_creation\_misc_unknown\Email-MonetizerPLRpack","01_BUILD_PRODUCT\02_Product_Creation\digital_asset_creation\_misc_unknown"
"MOVED","Engage-Convert-ScalePLRpack","G:\Documents\warriorplus MMO\Agent PLR Saas\input_files\01_BUILD_PRODUCT\02_Product_Creation\digital_asset_creation\_misc_unknown\Engage-Convert-ScalePLRpack","01_BUILD_PRODUCT\02_Product_Creation\digital_asset_creation\_misc_unknown"
"MOVED","Entrepedia_2023_Bundle_SLENDERMAN_BBHF","G:\Documents\warriorplus MMO\Agent PLR Saas\input_files\01_BUILD_PRODUCT\02_Product_Creation\digital_asset_creation\_misc_unknown\Entrepedia_2023_Bundle_SLENDERMAN_BBHF","01_BUILD_PRODUCT\02_Product_Creation\digital_asset_creation\_misc_unknown"
"MOVED","ExclusiveSoftwareLab_Members_Bonuses_BBHF","G:\Documents\warriorplus MMO\Agent PLR Saas\input_files\01_BUILD_PRODUCT\02_Product_Creation\digital_asset_creation\_misc_unknown\ExclusiveSoftwareLab_Members_Bonuses_BBHF","01_BUILD_PRODUCT\02_Product_Creation\digital_asset_creation\_misc_unknown"
"MOVED","Fiverr_100k_Blueprint_Gumroad_SLENDERMAN_BBHF","G:\Documents\warriorplus MMO\Agent PLR Saas\input_files\01_BUILD_PRODUCT\02_Product_Creation\digital_asset_creation\_misc_unknown\Fiverr_100k_Blueprint_Gumroad_SLENDERMAN_BBHF","01_BUILD_PRODUCT\02_Product_Creation\digital_asset_creation\_misc_unknown"
"MOVED","Flagship-CoursePLRpack","G:\Documents\warriorplus MMO\Agent PLR Saas\input_files\01_BUILD_PRODUCT\02_Product_Creation\digital_asset_creation\_misc_unknown\Flagship-CoursePLRpack","01_BUILD_PRODUCT\02_Product_Creation\digital_asset_creation\_misc_unknown"
"MOVED","FunnelProfits_PLR","G:\Documents\warriorplus MMO\Agent PLR Saas\input_files\01_BUILD_PRODUCT\02_Product_Creation\digital_asset_creation\_misc_unknown\FunnelProfits_PLR","01_BUILD_PRODUCT\02_Product_Creation\digital_asset_creation\_misc_unknown"
"MOVED","Ghostwriting-Made-Easy","G:\Documents\warriorplus MMO\Agent PLR Saas\input_files\01_BUILD_PRODUCT\02_Product_Creation\digital_asset_creation\_misc_unknown\Ghostwriting-Made-Easy","01_BUILD_PRODUCT\02_Product_Creation\digital_asset_creation\_misc_unknown"
"MOVED","GOLD-FindYourNiche","G:\Documents\warriorplus MMO\Agent PLR Saas\input_files\01_BUILD_PRODUCT\02_Product_Creation\digital_asset_creation\_misc_unknown\GOLD-FindYourNiche","01_BUILD_PRODUCT\02_Product_Creation\digital_asset_creation\_misc_unknown"
"MOVED","Gut_Health_Mastery_FE_OTO1_SM_BBHF","G:\Documents\warriorplus MMO\Agent PLR Saas\input_files\01_BUILD_PRODUCT\02_Product_Creation\digital_asset_creation\_misc_unknown\Gut_Health_Mastery_FE_OTO1_SM_BBHF","01_BUILD_PRODUCT\02_Product_Creation\digital_asset_creation\_misc_unknown"
"MOVED","Happiness_Through_Self_Care_FE_And_Gold_Bundle","G:\Documents\warriorplus MMO\Agent PLR Saas\input_files\01_BUILD_PRODUCT\02_Product_Creation\digital_asset_creation\_misc_unknown\Happiness_Through_Self_Care_FE_And_Gold_Bundle","01_BUILD_PRODUCT\02_Product_Creation\digital_asset_creation\_misc_unknown"
"MOVED","Health_and_Wellness_21_PLR_Products","G:\Documents\warriorplus MMO\Agent PLR Saas\input_files\01_BUILD_PRODUCT\02_Product_Creation\digital_asset_creation\_misc_unknown\Health_and_Wellness_21_PLR_Products","01_BUILD_PRODUCT\02_Product_Creation\digital_asset_creation\_misc_unknown"
"MOVED","Health_Hub_OS","G:\Documents\warriorplus MMO\Agent PLR Saas\input_files\01_BUILD_PRODUCT\02_Product_Creation\digital_asset_creation\_misc_unknown\Health_Hub_OS","01_BUILD_PRODUCT\02_Product_Creation\digital_asset_creation\_misc_unknown"
"MOVED","HomeWorkoutFitnessSocialQuote-Images","G:\Documents\warriorplus MMO\Agent PLR Saas\input_files\01_BUILD_PRODUCT\02_Product_Creation\digital_asset_creation\_misc_unknown\HomeWorkoutFitnessSocialQuote-Images","01_BUILD_PRODUCT\02_Product_Creation\digital_asset_creation\_misc_unknown"
"MOVED","HowToCreateaKillerLinkedInProfile","G:\Documents\warriorplus MMO\Agent PLR Saas\input_files\01_BUILD_PRODUCT\02_Product_Creation\digital_asset_creation\_misc_unknown\HowToCreateaKillerLinkedInProfile","01_BUILD_PRODUCT\02_Product_Creation\digital_asset_creation\_misc_unknown"
"MOVED","How_To_Boost_Your_Immunity_Against_The_Coronavirus","G:\Documents\warriorplus MMO\Agent PLR Saas\input_files\01_BUILD_PRODUCT\02_Product_Creation\digital_asset_creation\_misc_unknown\How_To_Boost_Your_Immunity_Against_The_Coronavirus","01_BUILD_PRODUCT\02_Product_Creation\digital_asset_creation\_misc_unknown"
"MOVED","How_To_Craft_The_Life_You_Want_FE_and_Upsell_SlenderMan_BBHF","G:\Documents\warriorplus MMO\Agent PLR Saas\input_files\01_BUILD_PRODUCT\02_Product_Creation\digital_asset_creation\_misc_unknown\How_To_Craft_The_Life_You_Want_FE_and_Upsell_SlenderMan_BBHF","01_BUILD_PRODUCT\02_Product_Creation\digital_asset_creation\_misc_unknown"
"MOVED","How_to_Make_6_Figures_Selling_SaaS_at_Home","G:\Documents\warriorplus MMO\Agent PLR Saas\input_files\01_BUILD_PRODUCT\02_Product_Creation\digital_asset_creation\_misc_unknown\How_to_Make_6_Figures_Selling_SaaS_at_Home","01_BUILD_PRODUCT\02_Product_Creation\digital_asset_creation\_misc_unknown"
"MOVED","Irresistible_Copy_32_Pages_Gumroad_SLENDERMAN_BBHF","G:\Documents\warriorplus MMO\Agent PLR Saas\input_files\01_BUILD_PRODUCT\02_Product_Creation\digital_asset_creation\_misc_unknown\Irresistible_Copy_32_Pages_Gumroad_SLENDERMAN_BBHF","01_BUILD_PRODUCT\02_Product_Creation\digital_asset_creation\_misc_unknown"
"MOVED","ItsYourYear","G:\Documents\warriorplus MMO\Agent PLR Saas\input_files\01_BUILD_PRODUCT\02_Product_Creation\digital_asset_creation\_misc_unknown\ItsYourYear","01_BUILD_PRODUCT\02_Product_Creation\digital_asset_creation\_misc_unknown"
"MOVED","KidToons_FE_SM_BBHF","G:\Documents\warriorplus MMO\Agent PLR Saas\input_files\01_BUILD_PRODUCT\02_Product_Creation\digital_asset_creation\_misc_unknown\KidToons_FE_SM_BBHF","01_BUILD_PRODUCT\02_Product_Creation\digital_asset_creation\_misc_unknown"
"MOVED","Kyle_Balmer_AI_Business_Playbook_Vault_SLENDERMAN_BBHF","G:\Documents\warriorplus MMO\Agent PLR Saas\input_files\01_BUILD_PRODUCT\02_Product_Creation\digital_asset_creation\_misc_unknown\Kyle_Balmer_AI_Business_Playbook_Vault_SLENDERMAN_BBHF","01_BUILD_PRODUCT\02_Product_Creation\digital_asset_creation\_misc_unknown"
"MOVED","Matt_Serviuos_AI_Profit_Slender","G:\Documents\warriorplus MMO\Agent PLR Saas\input_files\01_BUILD_PRODUCT\02_Product_Creation\digital_asset_creation\_misc_unknown\Matt_Serviuos_AI_Profit_Slender","01_BUILD_PRODUCT\02_Product_Creation\digital_asset_creation\_misc_unknown"
"MOVED","MillionaireMindsetTheFinancialIQEmpowermentSeries_PLR","G:\Documents\warriorplus MMO\Agent PLR Saas\input_files\01_BUILD_PRODUCT\02_Product_Creation\digital_asset_creation\_misc_unknown\MillionaireMindsetTheFinancialIQEmpowermentSeries_PLR","01_BUILD_PRODUCT\02_Product_Creation\digital_asset_creation\_misc_unknown"
"MOVED","MoneyandCouplesPLR-NSP","G:\Documents\warriorplus MMO\Agent PLR Saas\input_files\01_BUILD_PRODUCT\02_Product_Creation\digital_asset_creation\_misc_unknown\MoneyandCouplesPLR-NSP","01_BUILD_PRODUCT\02_Product_Creation\digital_asset_creation\_misc_unknown"
"MOVED","Mystic_Journals_Planners_Bundle_SM_BBHF","G:\Documents\warriorplus MMO\Agent PLR Saas\input_files\01_BUILD_PRODUCT\02_Product_Creation\digital_asset_creation\_misc_unknown\Mystic_Journals_Planners_Bundle_SM_BBHF","01_BUILD_PRODUCT\02_Product_Creation\digital_asset_creation\_misc_unknown"
"MOVED","Mystic_Planners_MRR_Collection_Bundle_BBHF","G:\Documents\warriorplus MMO\Agent PLR Saas\input_files\01_BUILD_PRODUCT\02_Product_Creation\digital_asset_creation\_misc_unknown\Mystic_Planners_MRR_Collection_Bundle_BBHF","01_BUILD_PRODUCT\02_Product_Creation\digital_asset_creation\_misc_unknown"
"MOVED","New_Year_2025_Success_Mega_Pack_PLR_SLENDERMAN_BBHF","G:\Documents\warriorplus MMO\Agent PLR Saas\input_files\01_BUILD_PRODUCT\02_Product_Creation\digital_asset_creation\_misc_unknown\New_Year_2025_Success_Mega_Pack_PLR_SLENDERMAN_BBHF","01_BUILD_PRODUCT\02_Product_Creation\digital_asset_creation\_misc_unknown"
"MOVED","Notion_For_Agencies_and_AgencyHQ_SLENDERMAN_BBHF","G:\Documents\warriorplus MMO\Agent PLR Saas\input_files\01_BUILD_PRODUCT\02_Product_Creation\digital_asset_creation\_misc_unknown\Notion_For_Agencies_and_AgencyHQ_SLENDERMAN_BBHF","01_BUILD_PRODUCT\02_Product_Creation\digital_asset_creation\_misc_unknown"
"MOVED","Notion_Second_Brain_SLENDER","G:\Documents\warriorplus MMO\Agent PLR Saas\input_files\01_BUILD_PRODUCT\02_Product_Creation\digital_asset_creation\_misc_unknown\Notion_Second_Brain_SLENDER","01_BUILD_PRODUCT\02_Product_Creation\digital_asset_creation\_misc_unknown"
"MOVED","Notion_Startup_OS_Slender","G:\Documents\warriorplus MMO\Agent PLR Saas\input_files\01_BUILD_PRODUCT\02_Product_Creation\digital_asset_creation\_misc_unknown\Notion_Startup_OS_Slender","01_BUILD_PRODUCT\02_Product_Creation\digital_asset_creation\_misc_unknown"
"MOVED","ODPLR_PrincessLineArtsMRR","G:\Documents\warriorplus MMO\Agent PLR Saas\input_files\01_BUILD_PRODUCT\02_Product_Creation\digital_asset_creation\_misc_unknown\ODPLR_PrincessLineArtsMRR","01_BUILD_PRODUCT\02_Product_Creation\digital_asset_creation\_misc_unknown"
"MOVED","Opulentos_Black_Hat_Bible_Gumroad_SLENDERMAN_BBHF","G:\Documents\warriorplus MMO\Agent PLR Saas\input_files\01_BUILD_PRODUCT\02_Product_Creation\digital_asset_creation\_misc_unknown\Opulentos_Black_Hat_Bible_Gumroad_SLENDERMAN_BBHF","01_BUILD_PRODUCT\02_Product_Creation\digital_asset_creation\_misc_unknown"
"MOVED","PhotographyTipsAndTricks__PLR","G:\Documents\warriorplus MMO\Agent PLR Saas\input_files\01_BUILD_PRODUCT\02_Product_Creation\digital_asset_creation\_misc_unknown\PhotographyTipsAndTricks__PLR","01_BUILD_PRODUCT\02_Product_Creation\digital_asset_creation\_misc_unknown"
"MOVED","plr-morningmastery","G:\Documents\warriorplus MMO\Agent PLR Saas\input_files\01_BUILD_PRODUCT\02_Product_Creation\digital_asset_creation\_misc_unknown\plr-morningmastery","01_BUILD_PRODUCT\02_Product_Creation\digital_asset_creation\_misc_unknown"
"MOVED","PLRArticleBuilderSoftware_MRR","G:\Documents\warriorplus MMO\Agent PLR Saas\input_files\01_BUILD_PRODUCT\02_Product_Creation\digital_asset_creation\_misc_unknown\PLRArticleBuilderSoftware_MRR","01_BUILD_PRODUCT\02_Product_Creation\digital_asset_creation\_misc_unknown"
"MOVED","PLR_Affiliate_Maestro_FrontEnd_SLENDERMAN_BBHF","G:\Documents\warriorplus MMO\Agent PLR Saas\input_files\01_BUILD_PRODUCT\02_Product_Creation\digital_asset_creation\_misc_unknown\PLR_Affiliate_Maestro_FrontEnd_SLENDERMAN_BBHF","01_BUILD_PRODUCT\02_Product_Creation\digital_asset_creation\_misc_unknown"
"MOVED","PLR_SalesFunnels_The_Chakra_Code_FE_OTO1_SM_BBHF","G:\Documents\warriorplus MMO\Agent PLR Saas\input_files\01_BUILD_PRODUCT\02_Product_Creation\digital_asset_creation\_misc_unknown\PLR_SalesFunnels_The_Chakra_Code_FE_OTO1_SM_BBHF","01_BUILD_PRODUCT\02_Product_Creation\digital_asset_creation\_misc_unknown"
"MOVED","Plumber_Leadflow_FE_SLENDERMAN_BBHF","G:\Documents\warriorplus MMO\Agent PLR Saas\input_files\01_BUILD_PRODUCT\02_Product_Creation\digital_asset_creation\_misc_unknown\Plumber_Leadflow_FE_SLENDERMAN_BBHF","01_BUILD_PRODUCT\02_Product_Creation\digital_asset_creation\_misc_unknown"
"MOVED","Pomo-Videos-PLR","G:\Documents\warriorplus MMO\Agent PLR Saas\input_files\01_BUILD_PRODUCT\02_Product_Creation\digital_asset_creation\_misc_unknown\Pomo-Videos-PLR","01_BUILD_PRODUCT\02_Product_Creation\digital_asset_creation\_misc_unknown"
"MOVED","PowerOfSelfDiscipline","G:\Documents\warriorplus MMO\Agent PLR Saas\input_files\01_BUILD_PRODUCT\02_Product_Creation\digital_asset_creation\_misc_unknown\PowerOfSelfDiscipline","01_BUILD_PRODUCT\02_Product_Creation\digital_asset_creation\_misc_unknown"
"MOVED","Programmatic_SEO_Tools_2024","G:\Documents\warriorplus MMO\Agent PLR Saas\input_files\01_BUILD_PRODUCT\02_Product_Creation\digital_asset_creation\_misc_unknown\Programmatic_SEO_Tools_2024","01_BUILD_PRODUCT\02_Product_Creation\digital_asset_creation\_misc_unknown"
"MOVED","SaaS_and_Ecommerce_Growth_Hacks_Bundle_SM_BBHF","G:\Documents\warriorplus MMO\Agent PLR Saas\input_files\01_BUILD_PRODUCT\02_Product_Creation\digital_asset_creation\_misc_unknown\SaaS_and_Ecommerce_Growth_Hacks_Bundle_SM_BBHF","01_BUILD_PRODUCT\02_Product_Creation\digital_asset_creation\_misc_unknown"
"MOVED","SaaS_Email_Marketing_Handbook_Complete_Package_Slender","G:\Documents\warriorplus MMO\Agent PLR Saas\input_files\01_BUILD_PRODUCT\02_Product_Creation\digital_asset_creation\_misc_unknown\SaaS_Email_Marketing_Handbook_Complete_Package_Slender","01_BUILD_PRODUCT\02_Product_Creation\digital_asset_creation\_misc_unknown"
"MOVED","SaaS_Email_Marketing_Masterclass_Gumroad_SLENDERMAN_BBHF","G:\Documents\warriorplus MMO\Agent PLR Saas\input_files\01_BUILD_PRODUCT\02_Product_Creation\digital_asset_creation\_misc_unknown\SaaS_Email_Marketing_Masterclass_Gumroad_SLENDERMAN_BBHF","01_BUILD_PRODUCT\02_Product_Creation\digital_asset_creation\_misc_unknown"
"MOVED","Saas_Growth_Kit_2024","G:\Documents\warriorplus MMO\Agent PLR Saas\input_files\01_BUILD_PRODUCT\02_Product_Creation\digital_asset_creation\_misc_unknown\Saas_Growth_Kit_2024","01_BUILD_PRODUCT\02_Product_Creation\digital_asset_creation\_misc_unknown"
"MOVED","SaaS_Growth_Tactics_Alex_Estner","G:\Documents\warriorplus MMO\Agent PLR Saas\input_files\01_BUILD_PRODUCT\02_Product_Creation\digital_asset_creation\_misc_unknown\SaaS_Growth_Tactics_Alex_Estner","01_BUILD_PRODUCT\02_Product_Creation\digital_asset_creation\_misc_unknown"
"MOVED","SearchEngineDetector_MRR","G:\Documents\warriorplus MMO\Agent PLR Saas\input_files\01_BUILD_PRODUCT\02_Product_Creation\digital_asset_creation\_misc_unknown\SearchEngineDetector_MRR","01_BUILD_PRODUCT\02_Product_Creation\digital_asset_creation\_misc_unknown"
"MOVED","Secret_Cash_Course_SLENDERMAN_BBHF","G:\Documents\warriorplus MMO\Agent PLR Saas\input_files\01_BUILD_PRODUCT\02_Product_Creation\digital_asset_creation\_misc_unknown\Secret_Cash_Course_SLENDERMAN_BBHF","01_BUILD_PRODUCT\02_Product_Creation\digital_asset_creation\_misc_unknown"
"MOVED","SEO-Video-Warrior","G:\Documents\warriorplus MMO\Agent PLR Saas\input_files\01_BUILD_PRODUCT\02_Product_Creation\digital_asset_creation\_misc_unknown\SEO-Video-Warrior","01_BUILD_PRODUCT\02_Product_Creation\digital_asset_creation\_misc_unknown"
"MOVED","SocialMediaMassacre_PLR","G:\Documents\warriorplus MMO\Agent PLR Saas\input_files\01_BUILD_PRODUCT\02_Product_Creation\digital_asset_creation\_misc_unknown\SocialMediaMassacre_PLR","01_BUILD_PRODUCT\02_Product_Creation\digital_asset_creation\_misc_unknown"
"MOVED","SoftwareProfitMastery01_PLR","G:\Documents\warriorplus MMO\Agent PLR Saas\input_files\01_BUILD_PRODUCT\02_Product_Creation\digital_asset_creation\_misc_unknown\SoftwareProfitMastery01_PLR","01_BUILD_PRODUCT\02_Product_Creation\digital_asset_creation\_misc_unknown"
"MOVED","TheArtOfMeditation","G:\Documents\warriorplus MMO\Agent PLR Saas\input_files\01_BUILD_PRODUCT\02_Product_Creation\digital_asset_creation\_misc_unknown\TheArtOfMeditation","01_BUILD_PRODUCT\02_Product_Creation\digital_asset_creation\_misc_unknown"
"MOVED","TheGrowthMindset","G:\Documents\warriorplus MMO\Agent PLR Saas\input_files\01_BUILD_PRODUCT\02_Product_Creation\digital_asset_creation\_misc_unknown\TheGrowthMindset","01_BUILD_PRODUCT\02_Product_Creation\digital_asset_creation\_misc_unknown"
"MOVED","ThePowerOfFocus_mrrg","G:\Documents\warriorplus MMO\Agent PLR Saas\input_files\01_BUILD_PRODUCT\02_Product_Creation\digital_asset_creation\_misc_unknown\ThePowerOfFocus_mrrg","01_BUILD_PRODUCT\02_Product_Creation\digital_asset_creation\_misc_unknown"
"MOVED","The_Action_First_Vision_Board_FE_SLENDERMAN_BBHF","G:\Documents\warriorplus MMO\Agent PLR Saas\input_files\01_BUILD_PRODUCT\02_Product_Creation\digital_asset_creation\_misc_unknown\The_Action_First_Vision_Board_FE_SLENDERMAN_BBHF","01_BUILD_PRODUCT\02_Product_Creation\digital_asset_creation\_misc_unknown"
"MOVED","The_AI_Cinematographers_Midjourney_Playbook_Guide_SLENDERMAN_BBHF","G:\Documents\warriorplus MMO\Agent PLR Saas\input_files\01_BUILD_PRODUCT\02_Product_Creation\digital_asset_creation\_misc_unknown\The_AI_Cinematographers_Midjourney_Playbook_Guide_SLENDERMAN_BBHF","01_BUILD_PRODUCT\02_Product_Creation\digital_asset_creation\_misc_unknown"
"MOVED","THE_AI_ULTIMATE_COLLECTION_Slender","G:\Documents\warriorplus MMO\Agent PLR Saas\input_files\01_BUILD_PRODUCT\02_Product_Creation\digital_asset_creation\_misc_unknown\THE_AI_ULTIMATE_COLLECTION_Slender","01_BUILD_PRODUCT\02_Product_Creation\digital_asset_creation\_misc_unknown"
"MOVED","The_Ultimate_SAAS_Course_SLENDERMAN_BBHF","G:\Documents\warriorplus MMO\Agent PLR Saas\input_files\01_BUILD_PRODUCT\02_Product_Creation\digital_asset_creation\_misc_unknown\The_Ultimate_SAAS_Course_SLENDERMAN_BBHF","01_BUILD_PRODUCT\02_Product_Creation\digital_asset_creation\_misc_unknown"
"MOVED","Time-For-SuccessPLRpack","G:\Documents\warriorplus MMO\Agent PLR Saas\input_files\01_BUILD_PRODUCT\02_Product_Creation\digital_asset_creation\_misc_unknown\Time-For-SuccessPLRpack","01_BUILD_PRODUCT\02_Product_Creation\digital_asset_creation\_misc_unknown"
"MOVED","UGC-Unleashed","G:\Documents\warriorplus MMO\Agent PLR Saas\input_files\01_BUILD_PRODUCT\02_Product_Creation\digital_asset_creation\_misc_unknown\UGC-Unleashed","01_BUILD_PRODUCT\02_Product_Creation\digital_asset_creation\_misc_unknown"
"MOVED","Unlock-Your-Hip-Flexors","G:\Documents\warriorplus MMO\Agent PLR Saas\input_files\01_BUILD_PRODUCT\02_Product_Creation\digital_asset_creation\_misc_unknown\Unlock-Your-Hip-Flexors","01_BUILD_PRODUCT\02_Product_Creation\digital_asset_creation\_misc_unknown"
"MOVED","Upstrider_HOT_Digital_Products_Library_PLR_Bundle_SLENDERMAN_BBHF","G:\Documents\warriorplus MMO\Agent PLR Saas\input_files\01_BUILD_PRODUCT\02_Product_Creation\digital_asset_creation\_misc_unknown\Upstrider_HOT_Digital_Products_Library_PLR_Bundle_SLENDERMAN_BBHF","01_BUILD_PRODUCT\02_Product_Creation\digital_asset_creation\_misc_unknown"
"MOVED","What_To_Ship_Idea_List_SLENDERMAN_BBHF","G:\Documents\warriorplus MMO\Agent PLR Saas\input_files\01_BUILD_PRODUCT\02_Product_Creation\digital_asset_creation\_misc_unknown\What_To_Ship_Idea_List_SLENDERMAN_BBHF","01_BUILD_PRODUCT\02_Product_Creation\digital_asset_creation\_misc_unknown"
"MOVED","WPInboxMonsterPLR","G:\Documents\warriorplus MMO\Agent PLR Saas\input_files\01_BUILD_PRODUCT\02_Product_Creation\digital_asset_creation\_misc_unknown\WPInboxMonsterPLR","01_BUILD_PRODUCT\02_Product_Creation\digital_asset_creation\_misc_unknown"
"MOVED","Zero_to_Founder_2024","G:\Documents\warriorplus MMO\Agent PLR Saas\input_files\01_BUILD_PRODUCT\02_Product_Creation\digital_asset_creation\_misc_unknown\Zero_to_Founder_2024","01_BUILD_PRODUCT\02_Product_Creation\digital_asset_creation\_misc_unknown"
"MOVED","Zero_to_MVP_with_Nocode","G:\Documents\warriorplus MMO\Agent PLR Saas\input_files\01_BUILD_PRODUCT\02_Product_Creation\digital_asset_creation\_misc_unknown\Zero_to_MVP_with_Nocode","01_BUILD_PRODUCT\02_Product_Creation\digital_asset_creation\_misc_unknown"
"MOVED","AM5Dn6pC9yAgM1vgh1_Vg7o","G:\Documents\warriorplus MMO\Agent PLR Saas\input_files\01_BUILD_PRODUCT\02_Product_Creation\digital_asset_creation\_misc_unknown\AM5Dn6pC9yAgM1vgh1_Vg7o","01_BUILD_PRODUCT\02_Product_Creation\digital_asset_creation\_misc_unknown"
"MOVED","Document-4.docx","G:\Documents\warriorplus MMO\Agent PLR Saas\input_files\01_BUILD_PRODUCT\02_Product_Creation\digital_asset_creation\_misc_unknown\Document-4.docx","01_BUILD_PRODUCT\02_Product_Creation\digital_asset_creation\_misc_unknown"
"MOVED","open","G:\Documents\warriorplus MMO\Agent PLR Saas\input_files\01_BUILD_PRODUCT\02_Product_Creation\digital_asset_creation\_misc_unknown\open","01_BUILD_PRODUCT\02_Product_Creation\digital_asset_creation\_misc_unknown"
"MOVED","view","G:\Documents\warriorplus MMO\Agent PLR Saas\input_files\01_BUILD_PRODUCT\02_Product_Creation\digital_asset_creation\_misc_unknown\view","01_BUILD_PRODUCT\02_Product_Creation\digital_asset_creation\_misc_unknown"
