Niche,Buyer,Pain,Product Idea,Bundle Angle,Safety Risk,Difficulty,Price Angle,Why It Sells
Teacher Reward Charts,Giáo viên tiểu học,Cần theo dõi reward nhanh,Reward chart bundle,Charts + stickers + parent notes,Không claim cải thiện hành vi chắc chắn,Easy,$9-$17,Dễ hiểu và dùng ngay trong lớp
Homeschool Weekly Planner,Phụ huynh homeschool,Khó sắp xếp tuần học,Weekly homeschool planner,Lesson plan + tracker + reflection,Không claim kết quả học tập,Medium,$12-$19,Buyer có nhu cầu lặp lại hằng tuần
Pet Care Tracker,Người nuôi thú cưng,Thông tin chăm sóc bị rải rác,Pet care printable pack,Feeding + vet + medication logs,Không thay tư vấn thú y,Easy,$9-$17,Rõ pain và dễ in
Small Business Order Tracker,Chủ shop handmade,Khó theo dõi đơn hàng,Order tracker printable,Order log + inventory + packaging checklist,Không claim tăng doanh thu,Medium,$12-$27,Dùng được cho seller nhỏ
Wedding Planning Checklist,Cô dâu tự tổ chức,Có quá nhiều việc cần nhớ,Wedding checklist bundle,Timeline + vendor list + budget sheet,Tránh dùng brand/venue nổi tiếng,Medium,$17-$27,Pain lớn và buyer sẵn chi tiền
Budget Binder Starter,Người muốn quản lý tiền cá nhân,Không biết tiền đi đâu,Budget binder printables,Expense + savings + debt tracker,Không tư vấn tài chính,Medium,$12-$27,Nhu cầu evergreen
Meal Planning Kit,Mẹ bận rộn,Không biết lên món tuần,Meal planner bundle,Menu + grocery list + pantry inventory,Không claim sức khỏe/giảm cân,Easy,$9-$17,Dùng thường xuyên
Cleaning Schedule Planner,Người bận rộn,Nhà cửa thiếu lịch dọn,Cleaning checklist pack,Daily + weekly + monthly checklists,Không claim sức khỏe,Easy,$7-$15,Simple high-utility printable
Craft Fair Seller Kit,Người bán hội chợ handmade,Khó chuẩn bị booth,Craft fair planner,Inventory + pricing + packing checklist,Không claim sales guaranteed,Medium,$17-$27,Buyer có event deadline
Garden Planner,Người làm vườn tại nhà,Khó theo dõi cây trồng,Garden planner bundle,Seed log + watering + harvest tracker,Không claim nông nghiệp/chữa bệnh,Medium,$12-$19,Visual đẹp và seasonal
Kids Chore Chart,Phụ huynh,Cần giao việc nhà rõ ràng,Chore chart printable,Chore list + reward tracker + routine cards,Không claim thay đổi hành vi chắc chắn,Easy,$7-$17,Parent pain phổ biến
Teacher Sub Plan Kit,Giáo viên,Cần chuẩn bị khi nghỉ dạy,Substitute teacher printable kit,Sub notes + class info + emergency plan,Không dùng school logo,Medium,$12-$19,Tiết kiệm thời gian rõ
Etsy Shop Planner,Người bán Etsy mới,Khó lên kế hoạch listing,Etsy shop planner,Listing tracker + keyword notes + photo checklist,Không claim ranking/sales,Medium,$17-$27,Phù hợp audience Etsy
Social Media Content Planner,Solopreneur,Không đều nội dung đăng,Content planner printable,Calendar + idea bank + caption checklist,Không claim viral,Easy,$9-$19,Rộng buyer và dễ rebrand
Daily Wellness Journal,Người muốn journaling,Khó duy trì thói quen,Wellness journal printable,Mood + gratitude + habit tracker,Không claim therapy/medical,Medium,$12-$19,Evergreen nhưng cần claim an toàn
Event Planning Binder,Người tổ chức sự kiện nhỏ,Có nhiều đầu việc,Event planner bundle,Budget + guest list + vendor checklist,Tránh brand/venue protected,Medium,$17-$27,High perceived value
Student Study Planner,Sinh viên,Học nhiều môn khó theo dõi,Study planner printable,Assignment + exam + habit tracker,Không claim điểm số đảm bảo,Easy,$9-$17,Buyer rõ và seasonal
Real Estate Open House Kit,Agent bất động sản,Cần chuẩn bị open house,Open house checklist pack,Sign-in + prep checklist + follow-up tracker,Không claim lead/sales guarantee,Medium,$17-$27,Professional buyer value
Freelancer Client Tracker,Freelancer,Khó theo dõi client/project,Client tracker bundle,Inquiry + project + invoice checklist,Không tư vấn pháp lý/tài chính,Medium,$12-$27,Dùng trực tiếp cho công việc
Travel Packing Planner,Người đi du lịch,Hay quên đồ cần mang,Travel packing printable,Checklist + itinerary + budget sheet,Không claim safety guarantee,Easy,$7-$15,Rất dễ hiểu trong 5 giây
